id,municipality,tier,region,affordable_purchase_price_of_a_detached_house,affordable_purchase_price_of_a_semi_detached_house,affordable_purchase_price_of_a_row_townhouse,affordable_purchase_price_of_a_condominium_apartment,purchase_price_based_on_income,ninety_per_cent_of_average_purchase_price_detached,ninety_per_cent_of_average_purchase_price_semi_detached,ninety_per_cent_of_average_purchase_price_row_townhouse,ninety_per_cent_of_average_purchase_price_condo_apt,average_purchase_price_of_a_detached_house,average_purchase_price_of_a_semi_detached_house,average_purchase_price_of_a_row_townhouse,average_purchase_price_of_a_condominium_apartment,threshold_applied_for_a_detached_house_and_substitution,threshold_applied_for_a_semi_detached_and_substitution,threshold_applied_for_a_row_townhouse_and_substitution,threshold_applied_for_a_condo_apartment_and_substitution,affordable_monthly_rent_of_a_bachelor_unit,affordable_monthly_rent_of_a_1_bedroom_unit,affordable_monthly_rent_of_a_2_bedroom_unit,affordable_monthly_rent_of_a_3_bedroom_unit,rent_based_on_income,average_market_rent_of_a_bachelor_unit,average_market_rent_of_a_1_bedroom_unit,average_market_rent_of_a_2_bedroom_unit,average_market_rent_of_a_3_bedroom_unit,threshold_applied_for_a_bachelor_unit_and_substitution,threshold_applied_for_a_1_bedroom_unit_and_substitution,threshold_applied_for_a_2_bedroom_unit_and_substitution,threshold_applied_for_a_3_bedroom_unit_and_substitution
1,Addington Highlands Tp,LT,Eastern,260000,260000,260000,260000,260000,441000,450000,423000,405000,490000,500000,470000,450000,Income; Base,Income; Base,Income; Base,Income; Base,955,1206,1298,1580,1580,955,1206,1298,2142,Rent; CD,Rent; CD,Rent; CD,Income; Base
2,Adelaide-Metcalfe Tp,LT,Western,481200,441000,468000,423000,481200,747000,441000,468000,423000,830000,490000,520000,470000,Income; Base,Price; CD,Price; CD,Price; CD,1079,1381,1654,1976,2570,1079,1381,1654,1976,Rent; CD,Rent; CD,Rent; CD,Rent; CD
3,Adjala-Tosorontio Tp,LT,Central,539400,539400,539400,539400,539400,1071000,639000,630000,1179000,1190000,710000,700000,1310000,Income; Base,Income; Base,Income; Base,Income; Base,1003,1475,1651,1833,2140,1003,1475,1651,1833,Rent; CD,Rent; CD,Rent; CD,Rent; CD
4,Admaston-Bromley Tp,LT,Eastern,407400,369000,387000,279000,407400,468000,369000,387000,279000,520000,410000,430000,310000,Income; Base,Price; CD,Price; CD,Price; CD,1281,1140,1312,1592,2170,1281,1140,1312,1592,Rent; Region,Rent; CD,Rent; CD,Rent; CD
5,Ajax T,LT,Central,535500,535500,535500,504000,535500,981000,783000,720000,504000,1090000,870000,800000,560000,Income; Base,Income; Base,Income; Base,Price; Base,1330,1216,1727,1870,2540,1330,1216,1727,1870,Rent; CD,Rent; Base,Rent; Base,Rent; Base
6,Alberton Tp,ST,Northwestern,270000,243000,324000,306000,419100,270000,243000,324000,306000,300000,270000,360000,340000,Price; CD,Price; Region,Price; Region,Price; Region,950,1163,1479,1660,1660,950,1163,1479,1851,Rent; Region,Rent; Region,Rent; Region,Income; CD
7,Alfred and Plantagenet Tp,LT,Eastern,384200,378000,384200,351000,384200,486000,378000,414000,351000,540000,420000,460000,390000,Income; Base,Price; Base,Income; Base,Price; CD,590,948,1463,1940,1940,590,948,1463,2142,Rent; CD,Rent; CD,Rent; CD,Income; Base
8,Algonquin Highlands Tp,LT,Eastern,384200,384200,384200,384200,384200,846000,414000,477000,504000,940000,460000,530000,560000,Income; Base,Income; Base,Income; Base,Income; Base,1281,1350,1350,1350,1350,1281,1533,1762,2142,Rent; Region,Income; Base,Income; Base,Income; Base
9,Alnwick-Haldimand Tp,LT,Eastern,473400,473400,473400,473400,473400,837000,531000,522000,702000,930000,590000,580000,780000,Income; Base,Income; Base,Income; Base,Income; Base,1148,1465,1582,1895,2450,1148,1465,1582,1895,Rent; CD,Rent; CD,Rent; CD,Rent; CD
10,Amaranth Tp,LT,Western,562600,562600,562600,558000,562600,1170000,594000,639000,558000,1300000,660000,710000,620000,Income; Base,Income; Base,Income; Base,Price; CD,1350,1463,1714,1714,2720,1350,1463,1714,1714,Rent; CD,Rent; CD,Rent; CD,Rent; CD
11,Amherstburg T,LT,Western,450100,450100,450100,378000,450100,657000,558000,459000,378000,730000,620000,510000,420000,Income; Base,Income; Base,Income; Base,Price; Base,942,1626,1680,1680,1680,942,1626,2213,1744,Rent; CD,Rent; Base,Income; Base,Income; Base
12,Armour Tp,ST,Northeastern,318200,261000,318200,318200,318200,657000,261000,612000,675000,730000,290000,680000,750000,Income; Base,Price; Region,Income; Base,Income; Base,879,1173,1430,1530,1530,879,1173,1430,1643,Rent; Region,Rent; Region,Rent; Region,Income; CD
13,Armstrong Tp,ST,Northeastern,297000,261000,243000,324000,333700,297000,261000,243000,324000,330000,290000,270000,360000,Price; CD,Price; Region,Price; CD,Price; Region,879,1173,1430,1620,1620,879,1173,1430,1643,Rent; Region,Rent; Region,Rent; Region,Income; Base
14,Arnprior T,LT,Eastern,345300,345300,345300,288000,345300,558000,468000,450000,288000,620000,520000,500000,320000,Income; Base,Income; Base,Income; Base,Price; Base,1281,1302,1679,1592,1720,1281,1302,1679,1592,Rent; Region,Rent; Base,Rent; Base,Rent; CD
15,Arran-Elderslie M,LT,Western,368600,368600,368600,368600,368600,522000,459000,531000,549000,580000,510000,590000,610000,Income; Base,Income; Base,Income; Base,Income; Base,1082,1254,1570,1570,1570,1082,1254,1783,1828,Rent; Region,Rent; CD,Income; Base,Income; Base
16,Ashfield-Colborne-Wawanosh Tp,LT,Western,372500,372500,372500,372500,372500,657000,450000,459000,495000,730000,500000,510000,550000,Income; Base,Income; Base,Income; Base,Income; Base,1082,1205,1804,1744,1990,1082,1205,1804,1744,Rent; Region,Rent; CD,Rent; CD,Rent; Region
17,Asphodel-Norwood Tp,LT,Eastern,368600,368600,368600,368600,368600,576000,486000,531000,558000,640000,540000,590000,620000,Income; Base,Income; Base,Income; Base,Income; Base,990,1245,1518,1730,1890,990,1245,1518,1730,Rent; CD,Rent; CD,Rent; CD,Rent; CD
18,Assiginack Tp,ST,Northeastern,391900,261000,252000,324000,391900,396000,261000,252000,324000,440000,290000,280000,360000,Income; Base,Price; Region,Price; Region,Price; Region,879,1173,1430,1643,1760,879,1173,1430,1643,Rent; Region,Rent; Region,Rent; Region,Rent; Region
19,Athens Tp,LT,Eastern,376400,376400,376400,376400,376400,432000,387000,387000,405000,480000,430000,430000,450000,Income; Base,Income; Base,Income; Base,Income; Base,976,1175,1322,1247,1850,976,1175,1322,1247,Rent; CD,Rent; CD,Rent; CD,Rent; CD
20,Atikokan Tp,ST,Northwestern,162000,243000,324000,306000,325900,162000,243000,324000,306000,180000,270000,360000,340000,Price; Base,Price; Region,Price; Region,Price; Region,950,1110,1110,1110,1110,950,1163,1479,1851,Rent; Region,Income; Base,Income; Base,Income; Base
21,Augusta Tp,LT,Eastern,426800,387000,387000,405000,426800,495000,387000,387000,405000,550000,430000,430000,450000,Income; Base,Price; CD,Price; CD,Price; CD,976,1175,1322,1247,2240,976,1175,1322,1247,Rent; CD,Rent; CD,Rent; CD,Rent; CD
22,Aurora T,LT,Central,547100,547100,547100,547100,547100,1521000,927000,900000,675000,1690000,1030000,1000000,750000,Income; Base,Income; Base,Income; Base,Income; Base,1297,1853,2187,2600,2600,1297,1853,2187,2960,Rent; CD,Rent; Base,Rent; Base,Income; Base
23,Aylmer T,LT,Western,329800,329800,329800,329800,329800,531000,450000,513000,513000,590000,500000,570000,570000,Income; Base,Income; Base,Income; Base,Income; Base,959,1187,1580,1580,1580,959,1187,1599,2241,Rent; CD,Rent; CD,Income; Base,Income; Base
24,Baldwin Tp,ST,Northeastern,384200,261000,252000,324000,384200,387000,261000,252000,324000,430000,290000,280000,360000,Income; Base,Price; Region,Price; Region,Price; Region,879,1173,1430,1620,1620,879,1173,1430,1643,Rent; Region,Rent; Region,Rent; Region,Income; CD
25,Bancroft T,LT,Eastern,277400,277400,277400,277400,277400,495000,378000,459000,405000,550000,420000,510000,450000,Income; Base,Income; Base,Income; Base,Income; Base,1065,1230,1230,1230,1230,1065,1340,1484,1858,Rent; CD,Income; Base,Income; Base,Income; Base
26,Barrie C,ST,Central,423000,423000,423000,423000,423000,783000,585000,558000,513000,870000,650000,620000,570000,Income; Base,Income; Base,Income; Base,Income; Base,1111,1586,1755,1987,2210,1111,1586,1755,1987,Rent; Base,Rent; Base,Rent; Base,Rent; Base
27,Bayham M,LT,Western,384200,384200,384200,384200,384200,648000,450000,513000,513000,720000,500000,570000,570000,Income; Base,Income; Base,Income; Base,Income; Base,959,1187,1599,1940,1940,959,1187,1599,2241,Rent; CD,Rent; CD,Rent; CD,Income; Base
28,Beckwith Tp,LT,Eastern,554900,459000,540000,387000,554900,720000,459000,540000,387000,800000,510000,600000,430000,Income; Base,Price; CD,Price; Base,Price; CD,1281,1519,2361,2142,2660,1281,1519,2361,2142,Rent; Region,Rent; CD,Rent; CD,Rent; Region
29,Belleville C,ST,Eastern,341500,341500,341500,341500,341500,522000,396000,459000,369000,580000,440000,510000,410000,Income; Base,Income; Base,Income; Base,Income; Base,1081,1328,1513,1680,1680,1081,1328,1513,1877,Rent; Base,Rent; Base,Rent; Base,Income; Base
30,Billings Tp,ST,Northeastern,364700,261000,252000,324000,364700,396000,261000,252000,324000,440000,290000,280000,360000,Income; Base,Price; Region,Price; Region,Price; Region,879,1173,1430,1643,1760,879,1173,1430,1643,Rent; Region,Rent; Region,Rent; Region,Rent; Region
31,Black River - Matheson Tp,ST,Northeastern,279000,198000,207000,315000,376400,279000,198000,207000,315000,310000,220000,230000,350000,Price; CD,Price; CD,Price; CD,Price; CD,859,1185,1299,1410,1750,859,1185,1299,1410,Rent; CD,Rent; CD,Rent; CD,Rent; CD
32,Blandford - Blenheim Tp,LT,Western,488900,488900,477000,488900,488900,837000,495000,477000,576000,930000,550000,530000,640000,Income; Base,Income; Base,Price; CD,Income; Base,1026,1350,1572,1926,2180,1026,1350,1572,1926,Rent; CD,Rent; CD,Rent; CD,Rent; CD
33,Blind River T,ST,Northeastern,298800,207000,234000,298800,298800,324000,207000,234000,306000,360000,230000,260000,340000,Income; Base,Price; CD,Price; CD,Income; Base,918,1109,1249,1280,1280,918,1109,1249,1329,Rent; CD,Rent; CD,Rent; CD,Income; Base
34,Bluewater M,LT,Western,399700,399700,399700,399700,399700,720000,450000,459000,495000,800000,500000,510000,550000,Income; Base,Income; Base,Income; Base,Income; Base,1082,1205,1750,1744,1750,1082,1205,1804,1744,Rent; Region,Rent; CD,Income; Base,Rent; Region
35,Bonfield Tp,ST,Northeastern,372500,333000,306000,333000,372500,423000,333000,306000,333000,470000,370000,340000,370000,Income; Base,Price; CD,Price; CD,Price; CD,807,1051,1367,1682,2200,807,1051,1367,1682,Rent; CD,Rent; CD,Rent; CD,Rent; CD
36,Bonnechere Valley Tp,LT,Eastern,322100,322100,322100,279000,322100,396000,369000,387000,279000,440000,410000,430000,310000,Income; Base,Income; Base,Income; Base,Price; CD,1281,1140,1312,1360,1360,1281,1140,1312,1592,Rent; Region,Rent; CD,Rent; CD,Income; Base
37,Bracebridge T,LT,Central,388000,388000,388000,388000,388000,765000,522000,549000,522000,850000,580000,610000,580000,Income; Base,Income; Base,Income; Base,Income; Base,1012,1165,1513,1584,1770,1012,1165,1513,1584,Rent; CD,Rent; Base,Rent; Base,Rent; Base
38,Bradford West Gwillimbury T,LT,Central,512200,512200,512200,450000,512200,1053000,783000,747000,450000,1170000,870000,830000,500000,Income; Base,Income; Base,Income; Base,Price; Base,1003,1475,1651,1833,2720,1003,1475,1651,1833,Rent; CD,Rent; CD,Rent; CD,Rent; CD
39,Brampton C,LT,Central,500600,500600,500600,500600,500600,1134000,846000,720000,522000,1260000,940000,800000,580000,Income; Base,Income; Base,Income; Base,Income; Base,1430,1778,2032,2132,2570,1430,1778,2032,2132,Rent; Base,Rent; Base,Rent; Base,Rent; Base
40,Brant County,ST,Western,488900,488900,488900,488900,488900,927000,549000,612000,774000,1030000,610000,680000,860000,Income; Base,Income; Base,Income; Base,Income; Base,1204,1448,1619,1680,2150,1204,1448,1619,1680,Rent; CD,Rent; CD,Rent; CD,Rent; CD
41,Brantford C,ST,Western,368600,368600,368600,368600,368600,630000,504000,522000,414000,700000,560000,580000,460000,Income; Base,Income; Base,Income; Base,Income; Base,1204,1448,1619,1680,1820,1204,1448,1619,1680,Rent; Base,Rent; Base,Rent; Base,Rent; Base
42,Brethour Tp,ST,Northeastern,297000,261000,243000,324000,341500,297000,261000,243000,324000,330000,290000,270000,360000,Price; CD,Price; Region,Price; CD,Price; Region,879,1173,1380,1380,1380,879,1173,1430,1643,Rent; Region,Rent; Region,Income; CD,Income; CD
43,Brighton M,LT,Eastern,368600,368600,368600,368600,368600,639000,531000,522000,558000,710000,590000,580000,620000,Income; Base,Income; Base,Income; Base,Income; Base,1148,1465,1403,1870,1870,1148,1465,1403,1895,Rent; CD,Rent; CD,Rent; Base,Income; Base
44,Brock Tp,LT,Central,415200,415200,415200,415200,415200,747000,711000,477000,720000,830000,790000,530000,800000,Income; Base,Income; Base,Income; Base,Income; Base,1330,1030,1296,1909,2170,1330,1030,1296,1909,Rent; CD,Rent; Base,Rent; Base,Rent; CD
45,Brockton M,LT,Western,395800,395800,395800,395800,395800,603000,459000,549000,504000,670000,510000,610000,560000,Income; Base,Income; Base,Income; Base,Income; Base,1082,1254,1600,1600,1600,1082,1254,1783,1828,Rent; Region,Rent; CD,Income; Base,Income; Base
46,Brockville C,ST,Eastern,296800,296800,296800,296800,296800,441000,351000,351000,369000,490000,390000,390000,410000,Income; Base,Income; Base,Income; Base,Income; Base,976,1087,1313,1247,1540,976,1087,1313,1247,Rent; Base,Rent; Base,Rent; Base,Rent; Base
47,Brooke-Alvinston M,LT,Western,368600,360000,342000,368600,368600,567000,360000,342000,405000,630000,400000,380000,450000,Income; Base,Price; CD,Price; CD,Income; Base,988,1249,1522,1690,1690,988,1249,1522,1712,Rent; CD,Rent; CD,Rent; CD,Income; Base
48,Bruce Mines T,ST,Northeastern,300700,207000,234000,300700,300700,342000,207000,234000,306000,380000,230000,260000,340000,Income; Base,Price; CD,Price; CD,Income; Base,918,1109,1249,1329,1460,918,1109,1249,1329,Rent; CD,Rent; CD,Rent; CD,Rent; CD
49,"Brudenell, Lyndoch and Raglan Tp",LT,Eastern,256100,256100,256100,256100,256100,405000,369000,387000,279000,450000,410000,430000,310000,Income; Base,Income; Base,Income; Base,Income; Base,1281,1140,1312,1592,1930,1281,1140,1312,1592,Rent; Region,Rent; CD,Rent; CD,Rent; CD
50,Burk's Falls V,ST,Northeastern,289100,261000,289100,289100,289100,720000,261000,612000,675000,800000,290000,680000,750000,Income; Base,Price; Region,Income; Base,Income; Base,879,1173,1400,1400,1400,879,1173,1430,1643,Rent; Region,Rent; Region,Income; Base,Income; Base
51,Burlington C,LT,Central,512200,512200,512200,512200,512200,1341000,873000,783000,621000,1490000,970000,870000,690000,Income; Base,Income; Base,Income; Base,Income; Base,1568,1749,2057,2380,2380,1568,1749,2057,2411,Rent; Base,Rent; Base,Rent; Base,Income; Base
52,Burpee and Mills Tp,ST,Northeastern,306500,261000,252000,306500,306500,396000,261000,252000,324000,440000,290000,280000,360000,Income; Base,Price; Region,Price; Region,Income; Base,879,1173,1430,1643,1760,879,1173,1430,1643,Rent; Region,Rent; Region,Rent; Region,Rent; Region
53,Caledon T,LT,Central,601400,601400,601400,601400,601400,1449000,882000,846000,801000,1610000,980000,940000,890000,Income; Base,Income; Base,Income; Base,Income; Base,1303,1754,2013,2115,2810,1303,1754,2013,2115,Rent; CD,Rent; CD,Rent; CD,Rent; CD
54,Callander M,ST,Northeastern,465600,261000,465600,465600,465600,558000,261000,612000,675000,620000,290000,680000,750000,Income; Base,Price; Region,Income; Base,Income; Base,879,1173,1430,1643,1940,879,1173,1430,1643,Rent; Region,Rent; Region,Rent; Region,Rent; Region
55,Calvin Tp,ST,Northeastern,322100,322100,306000,322100,322100,450000,333000,306000,333000,500000,370000,340000,370000,Income; Base,Income; Base,Price; CD,Income; Base,807,1051,1367,1570,1570,807,1051,1367,1682,Rent; CD,Rent; CD,Rent; CD,Income; CD
56,Cambridge C,LT,Western,423000,423000,423000,423000,423000,801000,567000,603000,477000,890000,630000,670000,530000,Income; Base,Income; Base,Income; Base,Income; Base,1261,1701,1978,1980,2060,1261,1701,1978,1980,Rent; CD,Rent; Base,Rent; Base,Rent; CD
57,Carleton Place T,LT,Eastern,403600,403600,403600,333000,403600,612000,441000,459000,333000,680000,490000,510000,370000,Income; Base,Income; Base,Income; Base,Price; Base,1281,1365,1960,1960,1960,1281,1365,2366,2142,Rent; Region,Rent; Base,Income; Base,Income; Base
58,Carling Tp,ST,Northeastern,415200,261000,415200,415200,415200,819000,261000,612000,675000,910000,290000,680000,750000,Income; Base,Price; Region,Income; Base,Income; Base,879,1173,1430,1530,1530,879,1173,1430,1643,Rent; Region,Rent; Region,Rent; Region,Income; CD
59,Carlow-Mayo Tp,LT,Eastern,322100,322100,322100,322100,322100,531000,378000,459000,405000,590000,420000,510000,450000,Income; Base,Income; Base,Income; Base,Income; Base,1065,1340,1484,1710,1710,1065,1340,1484,1858,Rent; CD,Rent; CD,Rent; CD,Income; CD
60,Casey Tp,ST,Northeastern,297000,261000,243000,324000,395800,297000,261000,243000,324000,330000,290000,270000,360000,Price; CD,Price; Region,Price; CD,Price; Region,879,1173,1380,1380,1380,879,1173,1430,1643,Rent; Region,Rent; Region,Income; CD,Income; CD
61,Casselman M,LT,Eastern,461800,432000,414000,351000,461800,513000,432000,414000,351000,570000,480000,460000,390000,Income; Base,Price; CD,Price; CD,Price; CD,590,948,1463,1830,1830,590,948,1463,2142,Rent; CD,Rent; CD,Rent; CD,Income; Base
62,Cavan Monaghan Tp,LT,Eastern,500600,486000,500600,500600,500600,882000,486000,531000,558000,980000,540000,590000,620000,Income; Base,Price; CD,Income; Base,Income; Base,990,1245,1518,1730,2300,990,1245,1518,1730,Rent; CD,Rent; CD,Rent; CD,Rent; CD
63,Central Elgin M,LT,Western,477300,450000,477300,477300,477300,711000,450000,603000,531000,790000,500000,670000,590000,Income; Base,Price; CD,Income; Base,Income; Base,959,1187,1599,2060,2060,959,1187,1599,2241,Rent; CD,Rent; CD,Rent; CD,Income; Base
64,Central Frontenac Tp,LT,Eastern,325900,325900,325900,325900,325900,486000,459000,513000,432000,540000,510000,570000,480000,Income; Base,Income; Base,Income; Base,Income; Base,1202,1410,1410,1410,1410,1202,1505,1767,2710,Rent; CD,Income; Base,Income; Base,Income; Base
65,Central Huron M,LT,Western,357000,357000,357000,357000,357000,567000,450000,459000,495000,630000,500000,510000,550000,Income; Base,Income; Base,Income; Base,Income; Base,1082,1205,1640,1640,1640,1082,1205,1804,1744,Rent; Region,Rent; CD,Income; Base,Income; Base
66,Central Manitoulin M,ST,Northeastern,298800,261000,252000,298800,298800,405000,261000,252000,324000,450000,290000,280000,360000,Income; Base,Price; Region,Price; Region,Income; Base,879,1173,1430,1643,1770,879,1173,1430,1643,Rent; Region,Rent; Region,Rent; Region,Rent; Region
67,Centre Hastings M,LT,Eastern,360900,360900,360900,360900,360900,558000,378000,459000,405000,620000,420000,510000,450000,Income; Base,Income; Base,Income; Base,Income; Base,1065,1290,1290,1290,1290,1065,1340,1484,1858,Rent; CD,Income; Base,Income; Base,Income; Base
68,Centre Wellington Tp,LT,Western,461800,461800,461800,461800,461800,909000,630000,666000,621000,1010000,700000,740000,690000,Income; Base,Income; Base,Income; Base,Income; Base,1317,1298,1562,1637,2020,1317,1298,1562,1637,Rent; CD,Rent; Base,Rent; Base,Rent; Base
69,Chamberlain Tp,ST,Northeastern,297000,261000,243000,324000,341500,297000,261000,243000,324000,330000,290000,270000,360000,Price; CD,Price; Region,Price; CD,Price; Region,879,1173,1380,1380,1380,879,1173,1430,1643,Rent; Region,Rent; Region,Income; CD,Income; CD
70,Champlain Tp,LT,Eastern,384200,384200,384200,351000,384200,522000,432000,414000,351000,580000,480000,460000,390000,Income; Base,Income; Base,Income; Base,Price; CD,590,948,1463,1660,1660,590,948,1463,2142,Rent; CD,Rent; CD,Rent; CD,Income; Base
71,Chapleau Tp,ST,Northeastern,353100,261000,252000,324000,353100,387000,261000,252000,324000,430000,290000,280000,360000,Income; Base,Price; Region,Price; Region,Price; Region,879,1173,1430,1643,1750,879,1173,1430,1643,Rent; Region,Rent; Region,Rent; Region,Rent; Region
72,Chapple Tp,ST,Northwestern,270000,243000,324000,306000,419100,270000,243000,324000,306000,300000,270000,360000,340000,Price; CD,Price; Region,Price; Region,Price; Region,950,1163,1479,1660,1660,950,1163,1479,1851,Rent; Region,Rent; Region,Rent; Region,Income; CD
73,Charlton-Dack M,ST,Northeastern,297000,261000,243000,324000,454000,297000,261000,243000,324000,330000,290000,270000,360000,Price; CD,Price; Region,Price; CD,Price; Region,879,1173,1380,1380,1380,879,1173,1430,1643,Rent; Region,Rent; Region,Income; CD,Income; CD
74,Chatham-Kent M,ST,Western,333700,333700,333700,198000,333700,432000,351000,369000,198000,480000,390000,410000,220000,Income; Base,Income; Base,Income; Base,Price; Base,1198,1203,1387,1180,1580,1198,1203,1387,1180,Rent; Base,Rent; Base,Rent; Base,Rent; Base
75,Chatsworth Tp,LT,Western,372500,372500,372500,372500,372500,666000,621000,630000,630000,740000,690000,700000,700000,Income; Base,Income; Base,Income; Base,Income; Base,929,1101,1243,1350,1440,929,1101,1243,1350,Rent; CD,Rent; CD,Rent; CD,Rent; CD
76,Chisholm Tp,ST,Northeastern,345300,333000,306000,333000,345300,531000,333000,306000,333000,590000,370000,340000,370000,Income; Base,Price; CD,Price; CD,Price; CD,807,1051,1367,1570,1570,807,1051,1367,1682,Rent; CD,Rent; CD,Rent; CD,Income; CD
77,Clarence-Rockland C,LT,Eastern,473400,423000,432000,473400,473400,576000,423000,432000,495000,640000,470000,480000,550000,Income; Base,Price; Base,Price; Base,Income; Base,590,950,1494,2030,2030,590,950,1494,2142,Rent; CD,Rent; Base,Rent; Base,Income; Base
78,Clarington M,LT,Central,508300,508300,508300,508300,508300,873000,630000,675000,594000,970000,700000,750000,660000,Income; Base,Income; Base,Income; Base,Income; Base,1330,1614,1787,1909,2450,1330,1614,1787,1909,Rent; CD,Rent; Base,Rent; Base,Rent; CD
79,Clearview Tp,LT,Central,442400,442400,442400,442400,442400,1008000,639000,567000,567000,1120000,710000,630000,630000,Income; Base,Income; Base,Income; Base,Income; Base,1003,1475,1651,1833,2120,1003,1475,1651,1833,Rent; CD,Rent; CD,Rent; CD,Rent; CD
80,Cobalt T,ST,Northeastern,180000,260000,243000,260000,260000,180000,261000,243000,324000,200000,290000,270000,360000,Price; Base,Income; Base,Price; CD,Income; Base,879,1173,1280,1280,1280,879,1173,1430,1643,Rent; Region,Rent; Region,Income; Base,Income; Base
81,Cobourg T,LT,Eastern,357000,357000,357000,357000,357000,720000,531000,558000,513000,800000,590000,620000,570000,Income; Base,Income; Base,Income; Base,Income; Base,1071,1396,1621,1870,1870,1071,1396,1621,1885,Rent; Base,Rent; Base,Rent; Base,Income; Base
82,Cochrane T,ST,Northeastern,288000,198000,207000,315000,357000,288000,198000,207000,315000,320000,220000,230000,350000,Price; Base,Price; CD,Price; CD,Price; CD,859,1185,1299,1410,1560,859,1185,1299,1410,Rent; CD,Rent; CD,Rent; CD,Rent; CD
83,Cockburn Island Tp,ST,Northeastern,300700,261000,252000,300700,300700,396000,261000,252000,324000,440000,290000,280000,360000,Income; CD,Price; Region,Price; Region,Income; CD,879,1173,1430,1643,1760,879,1173,1430,1643,Rent; Region,Rent; Region,Rent; Region,Rent; Region
84,Coleman Tp,ST,Northeastern,297000,261000,243000,324000,442400,297000,261000,243000,324000,330000,290000,270000,360000,Price; CD,Price; Region,Price; CD,Price; Region,879,1173,1380,1380,1380,879,1173,1430,1643,Rent; Region,Rent; Region,Income; CD,Income; CD
85,Collingwood T,LT,Central,384200,384200,384200,384200,384200,981000,684000,684000,603000,1090000,760000,760000,670000,Income; Base,Income; Base,Income; Base,Income; Base,1003,1418,1634,1833,1840,1003,1418,1634,1833,Rent; CD,Rent; Base,Rent; Base,Rent; CD
86,Conmee Tp,ST,Northwestern,360000,243000,333000,306000,492800,360000,243000,333000,306000,400000,270000,370000,340000,Price; Base,Price; CD,Price; CD,Price; CD,976,1173,1495,1690,1690,976,1173,1495,1864,Rent; CD,Rent; CD,Rent; CD,Income; CD
87,Cornwall C,ST,Eastern,279400,279400,279400,279400,279400,369000,351000,315000,306000,410000,390000,350000,340000,Income; Base,Income; Base,Income; Base,Income; Base,956,1081,1288,1413,1510,956,1081,1288,1413,Rent; Base,Rent; Base,Rent; Base,Rent; Base
88,Cramahe Tp,LT,Eastern,391900,391900,391900,391900,391900,675000,531000,522000,558000,750000,590000,580000,620000,Income; Base,Income; Base,Income; Base,Income; Base,1148,1465,1582,1895,1960,1148,1465,1582,1895,Rent; CD,Rent; CD,Rent; CD,Rent; CD
89,Dawn-Euphemia Tp,LT,Western,360900,360000,342000,360900,360900,513000,360000,342000,405000,570000,400000,380000,450000,Income; Base,Price; CD,Price; CD,Income; Base,988,1249,1522,1712,2050,988,1249,1522,1712,Rent; CD,Rent; CD,Rent; CD,Rent; CD
90,Dawson Tp,ST,Northwestern,270000,243000,324000,306000,376400,270000,243000,324000,306000,300000,270000,360000,340000,Price; CD,Price; Region,Price; Region,Price; Region,950,1163,1479,1660,1660,950,1163,1479,1851,Rent; Region,Rent; Region,Rent; Region,Income; CD
91,Deep River T,LT,Eastern,369000,234000,387000,279000,430700,369000,234000,387000,279000,410000,260000,430000,310000,Price; Base,Price; Base,Price; CD,Price; CD,1281,1140,1312,1592,2080,1281,1140,1312,1592,Rent; Region,Rent; CD,Rent; CD,Rent; CD
92,Deseronto T,LT,Eastern,285200,285200,285200,285200,285200,333000,378000,459000,405000,370000,420000,510000,450000,Income; Base,Income; Base,Income; Base,Income; Base,1065,1140,1140,1140,1140,1065,1340,1484,1858,Rent; CD,Income; Base,Income; Base,Income; Base
93,Dorion Tp,ST,Northwestern,351000,243000,333000,306000,434600,351000,243000,333000,306000,390000,270000,370000,340000,Price; CD,Price; CD,Price; CD,Price; CD,976,1173,1495,1690,1690,976,1173,1495,1864,Rent; CD,Rent; CD,Rent; CD,Income; CD
94,Douro-Dummer Tp,LT,Eastern,442400,442400,442400,442400,442400,819000,486000,531000,558000,910000,540000,590000,620000,Income; Base,Income; Base,Income; Base,Income; Base,990,1245,1518,1730,2230,990,1245,1518,1730,Rent; CD,Rent; CD,Rent; CD,Rent; CD
95,Drummond-North Elmsley Tp,LT,Eastern,430700,430700,430700,387000,430700,639000,459000,522000,387000,710000,510000,580000,430000,Income; Base,Income; Base,Income; Base,Price; CD,1281,1519,1940,1940,1940,1281,1519,2361,2142,Rent; Region,Rent; CD,Income; Base,Income; Base
96,Dryden C,ST,Northwestern,297000,243000,351000,306000,395800,297000,243000,351000,306000,330000,270000,390000,340000,Price; Base,Price; Region,Price; CD,Price; Region,950,1005,1479,1660,1660,950,1005,1479,1851,Rent; Region,Rent; CD,Rent; Region,Income; Base
97,Dubreuilville Tp,ST,Northeastern,342000,207000,234000,306000,384200,342000,207000,234000,306000,380000,230000,260000,340000,Price; CD,Price; CD,Price; CD,Price; CD,918,1109,1249,1329,1460,918,1109,1249,1329,Rent; CD,Rent; CD,Rent; CD,Rent; CD
98,Dutton-Dunwich M,LT,Western,411300,411300,411300,411300,411300,567000,450000,513000,513000,630000,500000,570000,570000,Income; Base,Income; Base,Income; Base,Income; Base,959,1187,1599,1640,1640,959,1187,1599,2241,Rent; CD,Rent; CD,Rent; CD,Income; Base
99,Dysart et al Tp,LT,Eastern,349200,349200,349200,349200,349200,837000,414000,477000,513000,930000,460000,530000,570000,Income; Base,Income; Base,Income; Base,Income; Base,1281,1533,1580,1580,1580,1281,1533,1762,2142,Rent; Region,Rent; Region,Income; Base,Income; Base
100,Ear Falls Tp,ST,Northwestern,396000,243000,351000,306000,426800,396000,243000,351000,306000,440000,270000,390000,340000,Price; CD,Price; Region,Price; CD,Price; Region,950,1005,1479,1851,2090,950,1005,1479,1851,Rent; Region,Rent; CD,Rent; Region,Rent; Region
101,East Ferris M,ST,Northeastern,492800,333000,306000,333000,492800,576000,333000,306000,333000,640000,370000,340000,370000,Income; Base,Price; CD,Price; CD,Price; CD,807,1051,1367,1560,1560,807,1051,1367,1682,Rent; CD,Rent; CD,Rent; CD,Income; Base
102,East Garafraxa Tp,LT,Western,651900,594000,639000,558000,651900,1476000,594000,639000,558000,1640000,660000,710000,620000,Income; Base,Price; CD,Price; CD,Price; CD,1350,1463,1714,1714,2120,1350,1463,1714,1714,Rent; CD,Rent; CD,Rent; CD,Rent; CD
103,East Gwillimbury T,LT,Central,539400,539400,539400,539400,539400,1251000,936000,837000,639000,1390000,1040000,930000,710000,Income; Base,Income; Base,Income; Base,Income; Base,1297,1783,2024,2658,2810,1297,1783,2024,2658,Rent; CD,Rent; CD,Rent; CD,Rent; CD
104,East Hawkesbury Tp,LT,Eastern,388000,388000,388000,351000,388000,450000,432000,414000,351000,500000,480000,460000,390000,Income; Base,Income; Base,Income; Base,Price; CD,590,948,1463,1810,1810,590,948,1463,2142,Rent; CD,Rent; CD,Rent; CD,Income; Base
105,East Zorra - Tavistock Tp,LT,Western,450100,450100,450100,450100,450100,765000,495000,477000,576000,850000,550000,530000,640000,Income; Base,Income; Base,Income; Base,Income; Base,1026,1350,1572,1926,1960,1026,1350,1572,1926,Rent; CD,Rent; CD,Rent; CD,Rent; CD
106,Edwardsburgh-Cardinal Tp,LT,Eastern,395800,387000,387000,395800,395800,468000,387000,387000,405000,520000,430000,430000,450000,Income; Base,Price; CD,Price; CD,Income; Base,976,1175,1322,1247,1530,976,1175,1322,1247,Rent; CD,Rent; CD,Rent; CD,Rent; CD
107,Elizabethtown-Kitley Tp,LT,Eastern,411300,387000,387000,405000,411300,504000,387000,387000,405000,560000,430000,430000,450000,Income; Base,Price; CD,Price; CD,Price; CD,976,1175,1322,1247,2150,976,1175,1322,1247,Rent; CD,Rent; CD,Rent; CD,Rent; CD
108,Elliot Lake C,ST,Northeastern,226600,171000,153000,226600,226600,252000,171000,153000,306000,280000,190000,170000,340000,Income; Base,Price; Base,Price; Base,Income; Base,769,789,866,1043,1350,769,789,866,1043,Rent; Base,Rent; Base,Rent; Base,Rent; Base
109,Emo Tp,ST,Northwestern,270000,243000,324000,306000,473400,270000,243000,324000,306000,300000,270000,360000,340000,Price; CD,Price; Region,Price; Region,Price; Region,950,1163,1479,1770,1770,950,1163,1479,1851,Rent; Region,Rent; Region,Rent; Region,Income; Base
110,Englehart T,ST,Northeastern,243000,261000,243000,318200,318200,243000,261000,243000,324000,270000,290000,270000,360000,Price; Base,Price; Region,Price; CD,Income; Base,879,890,890,890,890,879,1173,1430,1643,Rent; Region,Income; Base,Income; Base,Income; Base
111,Enniskillen Tp,LT,Western,481200,360000,342000,405000,481200,567000,360000,342000,405000,630000,400000,380000,450000,Income; Base,Price; CD,Price; CD,Price; CD,988,1249,1390,1390,1390,988,1249,1522,1712,Rent; CD,Rent; CD,Income; Base,Income; Base
112,Erin T,LT,Western,585900,585900,585900,585000,585900,1242000,639000,657000,585000,1380000,710000,730000,650000,Income; Base,Income; Base,Income; Base,Price; CD,1317,1602,1781,2045,2260,1317,1602,1781,2045,Rent; CD,Rent; CD,Rent; CD,Rent; CD
113,Espanola T,ST,Northeastern,306000,261000,252000,324000,364700,306000,261000,252000,324000,340000,290000,280000,360000,Price; Base,Price; Region,Price; Region,Price; Region,879,1173,1430,1643,1650,879,1173,1430,1643,Rent; Region,Rent; Region,Rent; Region,Rent; Region
114,Essa Tp,LT,Central,477300,477300,477300,477300,477300,864000,558000,576000,567000,960000,620000,640000,630000,Income; Base,Income; Base,Income; Base,Income; Base,1003,1475,1651,1833,2960,1003,1475,1651,1833,Rent; CD,Rent; CD,Rent; CD,Rent; CD
115,Essex T,LT,Western,407400,407400,407400,378000,407400,576000,504000,513000,378000,640000,560000,570000,420000,Income; Base,Income; Base,Income; Base,Price; Base,942,1192,1640,1640,1640,942,1192,1838,1744,Rent; CD,Rent; CD,Income; Base,Income; Base
116,Evanturel Tp,ST,Northeastern,297000,261000,243000,324000,570400,297000,261000,243000,324000,330000,290000,270000,360000,Price; CD,Price; Region,Price; CD,Price; Region,879,1173,1380,1380,1380,879,1173,1430,1643,Rent; Region,Rent; Region,Income; CD,Income; CD
117,Faraday Tp,LT,Eastern,298800,298800,298800,298800,298800,603000,378000,459000,405000,670000,420000,510000,450000,Income; Base,Income; Base,Income; Base,Income; Base,1065,1340,1484,1710,1710,1065,1340,1484,1858,Rent; CD,Rent; CD,Rent; CD,Income; CD
118,Fauquier-Strickland Tp,ST,Northeastern,279000,198000,207000,281300,281300,279000,198000,207000,315000,310000,220000,230000,350000,Price; CD,Price; CD,Price; CD,Income; Base,859,1185,1299,1410,1620,859,1185,1299,1410,Rent; CD,Rent; CD,Rent; CD,Rent; CD
119,Fort Erie T,LT,Central,349200,349200,349200,349200,349200,621000,531000,567000,486000,690000,590000,630000,540000,Income; Base,Income; Base,Income; Base,Income; Base,1183,1191,1015,1643,1680,1183,1191,1015,1643,Rent; CD,Rent; Base,Rent; Base,Rent; CD
120,Fort Frances T,ST,Northwestern,270000,243000,324000,306000,360900,270000,243000,324000,306000,300000,270000,360000,340000,Price; Base,Price; Region,Price; Region,Price; Region,950,1163,1479,1620,1620,950,1163,1479,1851,Rent; Region,Rent; Region,Rent; Region,Income; Base
121,French River M,ST,Northeastern,325900,261000,252000,324000,325900,387000,261000,252000,324000,430000,290000,280000,360000,Income; Base,Price; Region,Price; Region,Price; Region,879,1173,1330,1330,1330,879,1173,1430,1643,Rent; Region,Rent; Region,Income; Base,Income; Base
122,Front of Yonge Tp,LT,Eastern,360900,360900,360900,360900,360900,468000,387000,387000,405000,520000,430000,430000,450000,Income; Base,Income; Base,Income; Base,Income; Base,976,1175,1322,1247,1680,976,1175,1322,1247,Rent; CD,Rent; CD,Rent; CD,Rent; CD
123,Frontenac Islands Tp,LT,Eastern,403600,403600,403600,403600,403600,846000,459000,513000,432000,940000,510000,570000,480000,Income; Base,Income; Base,Income; Base,Income; Base,1202,1505,1767,1870,1870,1202,1505,1767,2710,Rent; CD,Rent; CD,Rent; CD,Income; CD
124,Gananoque ST,ST,Eastern,306500,306500,306500,306500,306500,477000,387000,459000,477000,530000,430000,510000,530000,Income; Base,Income; Base,Income; Base,Income; Base,976,1175,1322,1247,1640,976,1175,1322,1247,Rent; CD,Rent; CD,Rent; CD,Rent; CD
125,Gauthier Tp,ST,Northeastern,297000,261000,243000,324000,341500,297000,261000,243000,324000,330000,290000,270000,360000,Price; CD,Price; Region,Price; CD,Price; Region,879,1173,1380,1380,1380,879,1173,1430,1643,Rent; Region,Rent; Region,Income; CD,Income; CD
126,Georgian Bay Tp,LT,Central,368600,368600,368600,368600,368600,1152000,522000,648000,981000,1280000,580000,720000,1090000,Income; Base,Income; Base,Income; Base,Income; Base,1012,1347,1560,1940,1940,1012,1347,1560,2418,Rent; CD,Rent; CD,Rent; CD,Income; Base
127,Georgian Bluffs Tp,LT,Western,434600,434600,434600,434600,434600,774000,621000,630000,666000,860000,690000,700000,740000,Income; Base,Income; Base,Income; Base,Income; Base,929,1101,1243,1350,1940,929,1101,1243,1350,Rent; CD,Rent; CD,Rent; CD,Rent; CD
128,Georgina T,LT,Central,450100,450100,450100,450100,450100,837000,729000,657000,504000,930000,810000,730000,560000,Income; Base,Income; Base,Income; Base,Income; Base,1297,1783,2024,2060,2060,1297,1783,2024,2658,Rent; CD,Rent; CD,Rent; CD,Income; Base
129,Gillies Tp,ST,Northwestern,351000,243000,333000,306000,415200,351000,243000,333000,306000,390000,270000,370000,340000,Price; CD,Price; CD,Price; CD,Price; CD,976,1173,1495,1690,1690,976,1173,1495,1864,Rent; CD,Rent; CD,Rent; CD,Income; CD
130,Goderich T,LT,Western,325900,325900,325900,325900,325900,513000,450000,459000,495000,570000,500000,510000,550000,Income; Base,Income; Base,Income; Base,Income; Base,1082,1205,1500,1500,1500,1082,1205,1804,1744,Rent; Region,Rent; CD,Income; Base,Income; Base
131,Gordon-Barrie Island M,ST,Northeastern,310400,261000,252000,310400,310400,396000,261000,252000,324000,440000,290000,280000,360000,Income; Base,Price; Region,Price; Region,Income; Base,879,1173,1430,1643,1760,879,1173,1430,1643,Rent; Region,Rent; Region,Rent; Region,Rent; Region
132,Gore Bay T,ST,Northeastern,318200,261000,252000,318200,318200,396000,261000,252000,324000,440000,290000,280000,360000,Income; Base,Price; Region,Price; Region,Income; Base,879,1173,1430,1590,1590,879,1173,1430,1643,Rent; Region,Rent; Region,Rent; Region,Income; Base
133,Grand Valley T,LT,Western,461800,461800,461800,461800,461800,792000,594000,639000,558000,880000,660000,710000,620000,Income; Base,Income; Base,Income; Base,Income; Base,1350,1463,1714,1714,2330,1350,1463,1714,1714,Rent; CD,Rent; CD,Rent; CD,Rent; CD
134,Gravenhurst T,LT,Central,349200,349200,349200,349200,349200,945000,522000,873000,846000,1050000,580000,970000,940000,Income; Base,Income; Base,Income; Base,Income; Base,1012,1250,1557,1650,1650,1012,1250,1557,2386,Rent; CD,Rent; Base,Rent; Base,Income; Base
135,Greater Madawaska Tp,LT,Eastern,372500,369000,372500,279000,372500,603000,369000,387000,279000,670000,410000,430000,310000,Income; Base,Price; CD,Income; Base,Price; CD,1281,1140,1312,1592,1930,1281,1140,1312,1592,Rent; Region,Rent; CD,Rent; CD,Rent; CD
136,Greater Napanee T,LT,Eastern,360900,360900,360900,360900,360900,558000,450000,378000,369000,620000,500000,420000,410000,Income; Base,Income; Base,Income; Base,Income; Base,955,1066,1244,1640,1640,955,1066,1244,2142,Rent; Base,Rent; Base,Rent; Base,Income; Base
137,Greater Sudbury C,ST,Northeastern,395800,333000,395800,387000,395800,468000,333000,396000,387000,520000,370000,440000,430000,Income; Base,Price; Base,Income; Base,Price; Base,904,1244,1558,1810,1810,904,1244,1558,1816,Rent; Base,Rent; Base,Rent; Base,Income; Base
138,Greenstone M,ST,Northwestern,189000,243000,333000,306000,364700,189000,243000,333000,306000,210000,270000,370000,340000,Price; Base,Price; CD,Price; CD,Price; CD,976,1173,1495,1510,1510,976,1173,1495,1864,Rent; CD,Rent; CD,Rent; CD,Income; Base
139,Grey Highlands M,LT,Western,388000,388000,388000,388000,388000,837000,621000,630000,630000,930000,690000,700000,700000,Income; Base,Income; Base,Income; Base,Income; Base,929,1101,1243,1350,1730,929,1101,1243,1350,Rent; CD,Rent; CD,Rent; CD,Rent; CD
140,Grimsby T,LT,Central,477300,477300,477300,477300,477300,963000,621000,666000,504000,1070000,690000,740000,560000,Income; Base,Income; Base,Income; Base,Income; Base,1183,1313,1527,1643,2350,1183,1313,1527,1643,Rent; CD,Rent; CD,Rent; CD,Rent; CD
141,Guelph C,ST,Western,430700,430700,430700,430700,430700,864000,675000,630000,522000,960000,750000,700000,580000,Income; Base,Income; Base,Income; Base,Income; Base,1332,1627,1802,2091,2140,1332,1627,1802,2091,Rent; Base,Rent; Base,Rent; Base,Rent; Base
142,Guelph-Eramosa Tp,LT,Western,585900,585900,585900,585900,585900,1179000,639000,792000,864000,1310000,710000,880000,960000,Income; Base,Income; Base,Income; Base,Income; Base,1317,1602,1781,2045,2450,1317,1602,1781,2045,Rent; CD,Rent; CD,Rent; CD,Rent; CD
143,Haldimand County,ST,Western,423000,423000,423000,423000,423000,684000,558000,549000,549000,760000,620000,610000,610000,Income; Base,Income; Base,Income; Base,Income; Base,667,1132,1146,1730,1730,667,1132,1146,1744,Rent; CD,Rent; Base,Rent; Base,Income; Base
144,Halton Hills T,LT,Central,578200,578200,578200,578200,578200,1215000,756000,693000,720000,1350000,840000,770000,800000,Income; Base,Income; Base,Income; Base,Income; Base,1460,1214,1531,2260,2260,1460,1214,1531,2407,Rent; CD,Rent; Base,Rent; Base,Income; Base
145,Hamilton C,ST,Central,399700,399700,399700,399700,399700,873000,648000,639000,468000,970000,720000,710000,520000,Income; Base,Income; Base,Income; Base,Income; Base,1052,1343,1527,1692,1890,1052,1343,1527,1692,Rent; Base,Rent; Base,Rent; Base,Rent; Base
146,Hamilton Tp,LT,Eastern,485000,485000,485000,485000,485000,828000,531000,522000,558000,920000,590000,580000,620000,Income; Base,Income; Base,Income; Base,Income; Base,1148,1465,1582,1895,2150,1148,1465,1582,1895,Rent; CD,Rent; CD,Rent; CD,Rent; CD
147,Hanover T,LT,Western,318200,318200,318200,318200,318200,531000,621000,630000,630000,590000,690000,700000,700000,Income; Base,Income; Base,Income; Base,Income; Base,929,1101,1243,1350,1500,929,1101,1243,1350,Rent; CD,Rent; CD,Rent; CD,Rent; CD
148,Harley Tp,ST,Northeastern,297000,261000,243000,324000,469500,297000,261000,243000,324000,330000,290000,270000,360000,Price; CD,Price; Region,Price; CD,Price; Region,879,1173,1380,1380,1380,879,1173,1430,1643,Rent; Region,Rent; Region,Income; CD,Income; CD
149,Harris Tp,ST,Northeastern,297000,261000,243000,324000,465600,297000,261000,243000,324000,330000,290000,270000,360000,Price; CD,Price; Region,Price; CD,Price; Region,879,1173,1380,1380,1380,879,1173,1430,1643,Rent; Region,Rent; Region,Income; CD,Income; CD
150,Hastings Highlands M,LT,Eastern,322100,322100,322100,322100,322100,522000,378000,459000,405000,580000,420000,510000,450000,Income; Base,Income; Base,Income; Base,Income; Base,1065,1340,1484,1858,2000,1065,1340,1484,1858,Rent; CD,Rent; CD,Rent; CD,Rent; CD
151,Havelock-Belmont-Methuen Tp,LT,Eastern,325900,325900,325900,325900,325900,585000,486000,531000,558000,650000,540000,590000,620000,Income; Base,Income; Base,Income; Base,Income; Base,990,1245,1340,1340,1340,990,1245,1518,1730,Rent; CD,Rent; CD,Income; Base,Income; Base
152,Hawkesbury T,LT,Eastern,250300,250300,234000,207000,250300,315000,297000,234000,207000,350000,330000,260000,230000,Income; Base,Income; Base,Price; Base,Price; Base,651,762,1107,1300,1300,651,762,1107,2142,Rent; Base,Rent; Base,Rent; Base,Income; Base
153,"Head, Clara and Maria Tp",LT,Eastern,368600,368600,368600,279000,368600,468000,369000,387000,279000,520000,410000,430000,310000,Income; CD,Income; CD,Income; CD,Price; CD,1281,1140,1312,1592,1930,1281,1140,1312,1592,Rent; Region,Rent; CD,Rent; CD,Rent; CD
154,Hearst T,ST,Northeastern,279000,198000,207000,315000,376400,279000,198000,207000,315000,310000,220000,230000,350000,Price; CD,Price; CD,Price; CD,Price; CD,859,1185,1299,1410,1580,859,1185,1299,1410,Rent; CD,Rent; CD,Rent; CD,Rent; CD
155,Highlands East M,LT,Eastern,287100,287100,287100,287100,287100,549000,414000,477000,504000,610000,460000,530000,560000,Income; Base,Income; Base,Income; Base,Income; Base,1281,1533,1600,1600,1600,1281,1533,1762,2142,Rent; Region,Rent; Region,Income; Base,Income; Base
156,Hilliard Tp,ST,Northeastern,297000,261000,243000,324000,341500,297000,261000,243000,324000,330000,290000,270000,360000,Price; CD,Price; Region,Price; CD,Price; Region,879,1173,1380,1380,1380,879,1173,1430,1643,Rent; Region,Rent; Region,Income; CD,Income; CD
157,Hilton Beach V,ST,Northeastern,333700,207000,234000,306000,333700,342000,207000,234000,306000,380000,230000,260000,340000,Income; CD,Price; CD,Price; CD,Price; CD,918,1109,1249,1329,1460,918,1109,1249,1329,Rent; CD,Rent; CD,Rent; CD,Rent; CD
158,Hilton Tp,ST,Northeastern,342000,207000,234000,306000,372500,342000,207000,234000,306000,380000,230000,260000,340000,Price; CD,Price; CD,Price; CD,Price; CD,918,1109,1249,1329,1460,918,1109,1249,1329,Rent; CD,Rent; CD,Rent; CD,Rent; CD
159,Hornepayne Tp,ST,Northeastern,342000,207000,234000,306000,457900,342000,207000,234000,306000,380000,230000,260000,340000,Price; CD,Price; CD,Price; CD,Price; CD,918,1109,1249,1329,1460,918,1109,1249,1329,Rent; CD,Rent; CD,Rent; CD,Rent; CD
160,Horton Tp,LT,Eastern,407400,369000,387000,279000,407400,540000,369000,387000,279000,600000,410000,430000,310000,Income; Base,Price; CD,Price; CD,Price; CD,1281,1140,1312,1592,1990,1281,1140,1312,1592,Rent; Region,Rent; CD,Rent; CD,Rent; CD
161,Howick Tp,LT,Western,372500,372500,372500,372500,372500,612000,450000,459000,495000,680000,500000,510000,550000,Income; Base,Income; Base,Income; Base,Income; Base,1082,1205,1804,1744,2420,1082,1205,1804,1744,Rent; Region,Rent; CD,Rent; CD,Rent; Region
162,Hudson Tp,ST,Northeastern,297000,261000,243000,324000,407400,297000,261000,243000,324000,330000,290000,270000,360000,Price; CD,Price; Region,Price; CD,Price; Region,879,1173,1380,1380,1380,879,1173,1430,1643,Rent; Region,Rent; Region,Income; CD,Income; CD
163,Huntsville T,LT,Central,384200,384200,384200,384200,384200,837000,522000,558000,594000,930000,580000,620000,660000,Income; Base,Income; Base,Income; Base,Income; Base,1012,1514,1597,1690,1690,1012,1514,1597,2418,Rent; CD,Rent; Base,Rent; Base,Income; Base
164,Huron East M,LT,Western,360900,360900,360000,360900,360900,522000,450000,360000,495000,580000,500000,400000,550000,Income; Base,Income; Base,Price; Base,Income; Base,1082,1205,1760,1744,1760,1082,1205,1804,1744,Rent; Region,Rent; CD,Income; Base,Rent; Region
165,Huron Shores M,ST,Northeastern,322100,207000,234000,306000,322100,324000,207000,234000,306000,360000,230000,260000,340000,Income; Base,Price; CD,Price; CD,Price; CD,918,1109,1249,1329,1390,918,1109,1249,1329,Rent; CD,Rent; CD,Rent; CD,Rent; CD
166,Huron-Kinloss Tp,LT,Western,434600,434600,434600,434600,434600,720000,459000,531000,549000,800000,510000,590000,610000,Income; Base,Income; Base,Income; Base,Income; Base,1082,1254,1510,1510,1510,1082,1254,1783,1828,Rent; Region,Rent; CD,Income; Base,Income; Base
167,Ignace Tp,ST,Northwestern,153000,243000,349200,306000,349200,153000,243000,351000,306000,170000,270000,390000,340000,Price; Base,Price; Region,Income; Base,Price; Region,950,1005,1479,1580,1580,950,1005,1479,1851,Rent; Region,Rent; CD,Rent; Region,Income; Base
168,Ingersoll T,LT,Western,399700,399700,399700,399700,399700,585000,468000,459000,576000,650000,520000,510000,640000,Income; Base,Income; Base,Income; Base,Income; Base,1026,1132,1250,1890,1890,1026,1132,1250,1926,Rent; CD,Rent; Base,Rent; Base,Income; Base
169,Innisfil T,LT,Central,461800,461800,461800,461800,461800,900000,639000,810000,540000,1000000,710000,900000,600000,Income; Base,Income; Base,Income; Base,Income; Base,1003,1475,1651,1833,2810,1003,1475,1651,1833,Rent; CD,Rent; CD,Rent; CD,Rent; CD
170,Iroquois Falls T,ST,Northeastern,234000,198000,207000,315000,360900,234000,198000,207000,315000,260000,220000,230000,350000,Price; Base,Price; CD,Price; CD,Price; CD,859,1185,1290,1290,1290,859,1185,1299,1410,Rent; CD,Rent; CD,Income; Base,Income; Base
171,James Tp,ST,Northeastern,297000,261000,243000,304600,304600,297000,261000,243000,324000,330000,290000,270000,360000,Price; CD,Price; Region,Price; CD,Income; Base,879,1173,1380,1380,1380,879,1173,1430,1643,Rent; Region,Rent; Region,Income; CD,Income; CD
172,Jocelyn Tp,ST,Northeastern,342000,207000,234000,306000,349200,342000,207000,234000,306000,380000,230000,260000,340000,Price; CD,Price; CD,Price; CD,Price; CD,918,1109,1249,1329,1460,918,1109,1249,1329,Rent; CD,Rent; CD,Rent; CD,Rent; CD
173,Johnson Tp,ST,Northeastern,314300,207000,234000,306000,314300,342000,207000,234000,306000,380000,230000,260000,340000,Income; Base,Price; CD,Price; CD,Price; CD,918,1109,1249,1329,1460,918,1109,1249,1329,Rent; CD,Rent; CD,Rent; CD,Rent; CD
174,Joly Tp,ST,Northeastern,337600,261000,337600,337600,337600,720000,261000,612000,675000,800000,290000,680000,750000,Income; CD,Price; Region,Income; CD,Income; CD,879,1173,1430,1530,1530,879,1173,1430,1643,Rent; Region,Rent; Region,Rent; Region,Income; CD
175,Kapuskasing T,ST,Northeastern,234000,198000,207000,315000,325900,234000,198000,207000,315000,260000,220000,230000,350000,Price; Base,Price; CD,Price; CD,Price; CD,859,1185,1299,1380,1380,859,1185,1299,1410,Rent; CD,Rent; CD,Rent; CD,Income; Base
176,Kawartha Lakes C,ST,Eastern,376400,376400,376400,376400,376400,720000,441000,567000,576000,800000,490000,630000,640000,Income; Base,Income; Base,Income; Base,Income; Base,1281,1311,1561,1680,1680,1281,1311,1561,2142,Rent; Region,Rent; Base,Rent; Base,Income; Base
177,Kearney T,ST,Northeastern,337600,261000,337600,337600,337600,702000,261000,612000,675000,780000,290000,680000,750000,Income; Base,Price; Region,Income; Base,Income; Base,879,1173,1430,1530,1530,879,1173,1430,1643,Rent; Region,Rent; Region,Rent; Region,Income; CD
178,Kenora C,ST,Northwestern,399700,243000,351000,306000,399700,531000,243000,351000,306000,590000,270000,390000,340000,Income; Base,Price; Region,Price; CD,Price; Region,950,1005,1479,1820,1820,950,1005,1479,1851,Rent; Region,Rent; Base,Rent; Region,Income; Base
179,Kerns Tp,ST,Northeastern,297000,261000,243000,324000,399700,297000,261000,243000,324000,330000,290000,270000,360000,Price; CD,Price; Region,Price; CD,Price; Region,879,1173,1380,1380,1380,879,1173,1430,1643,Rent; Region,Rent; Region,Income; CD,Income; CD
180,"Killaloe, Hagarty and Richards Tp",LT,Eastern,322100,322100,322100,279000,322100,432000,369000,387000,279000,480000,410000,430000,310000,Income; Base,Income; Base,Income; Base,Price; CD,880,880,880,880,880,1281,1140,1312,1592,Income; Base,Income; Base,Income; Base,Income; Base
181,Killarney M,ST,Northeastern,306500,261000,252000,306500,306500,387000,261000,252000,324000,430000,290000,280000,360000,Income; Base,Price; Region,Price; Region,Income; Base,879,1173,1430,1620,1620,879,1173,1430,1643,Rent; Region,Rent; Region,Rent; Region,Income; CD
182,Kincardine M,LT,Western,469500,459000,450000,469500,469500,666000,459000,450000,567000,740000,510000,500000,630000,Income; Base,Price; CD,Price; Base,Income; Base,1082,1254,1767,1820,1820,1082,1254,1767,1828,Rent; Region,Rent; CD,Rent; Base,Income; Base
183,King Tp,LT,Central,667400,667400,667400,630000,667400,2079000,1017000,1080000,630000,2310000,1130000,1200000,700000,Income; Base,Income; Base,Income; Base,Price; Base,1297,1783,2024,2600,2600,1297,1783,2024,2658,Rent; CD,Rent; CD,Rent; CD,Income; Base
184,Kingston C,ST,Eastern,368600,368600,368600,368600,368600,657000,459000,513000,423000,730000,510000,570000,470000,Income; Base,Income; Base,Income; Base,Income; Base,1202,1505,1767,1880,1880,1202,1505,1767,2710,Rent; Base,Rent; Base,Rent; Base,Income; Base
185,Kingsville T,LT,Western,426800,426800,426800,426800,426800,648000,567000,549000,468000,720000,630000,610000,520000,Income; Base,Income; Base,Income; Base,Income; Base,942,1034,1259,1744,2000,942,1034,1259,1744,Rent; CD,Rent; Base,Rent; Base,Rent; Region
186,Kirkland Lake T,ST,Northeastern,216000,261000,243000,308500,308500,216000,261000,243000,324000,240000,290000,270000,360000,Price; Base,Price; Region,Price; CD,Income; Base,879,1173,1410,1410,1410,879,1173,1430,1643,Rent; Region,Rent; Region,Income; Base,Income; Base
187,Kitchener C,LT,Western,399700,399700,399700,399700,399700,837000,612000,576000,405000,930000,680000,640000,450000,Income; Base,Income; Base,Income; Base,Income; Base,1225,1446,1748,1944,2120,1225,1446,1748,1944,Rent; Base,Rent; Base,Rent; Base,Rent; Base
188,La Vallee Tp,ST,Northwestern,270000,243000,324000,306000,423000,270000,243000,324000,306000,300000,270000,360000,340000,Price; CD,Price; Region,Price; Region,Price; Region,950,1163,1479,1660,1660,950,1163,1479,1851,Rent; Region,Rent; Region,Rent; Region,Income; CD
189,Laird Tp,ST,Northeastern,369000,207000,234000,306000,446200,369000,207000,234000,306000,410000,230000,260000,340000,Price; Base,Price; CD,Price; CD,Price; CD,918,1109,1249,1329,1460,918,1109,1249,1329,Rent; CD,Rent; CD,Rent; CD,Rent; CD
190,Lake of Bays Tp,LT,Central,419100,419100,419100,419100,419100,1314000,522000,873000,1629000,1460000,580000,970000,1810000,Income; Base,Income; Base,Income; Base,Income; Base,1012,1347,1560,2180,2180,1012,1347,1560,2418,Rent; CD,Rent; CD,Rent; CD,Income; Base
191,Lake of The Woods Tp,ST,Northwestern,270000,243000,324000,306000,364700,270000,243000,324000,306000,300000,270000,360000,340000,Price; CD,Price; Region,Price; Region,Price; Region,950,1163,1479,1660,1660,950,1163,1479,1851,Rent; Region,Rent; Region,Rent; Region,Income; CD
192,Lakeshore M,LT,Western,520000,520000,520000,369000,520000,765000,621000,576000,369000,850000,690000,640000,410000,Income; Base,Income; Base,Income; Base,Price; CD,942,1192,1454,1744,2050,942,1192,1454,1744,Rent; CD,Rent; CD,Rent; CD,Rent; Region
193,Lambton Shores M,LT,Western,368600,360000,368600,368600,368600,675000,360000,531000,495000,750000,400000,590000,550000,Income; Base,Price; CD,Income; Base,Income; Base,988,1249,1473,1580,1580,988,1249,1473,1712,Rent; CD,Rent; CD,Rent; Base,Income; Base
194,Lanark Highlands Tp,LT,Eastern,364700,364700,364700,364700,364700,504000,459000,522000,387000,560000,510000,580000,430000,Income; Base,Income; Base,Income; Base,Income; Base,1281,1519,1880,1880,1880,1281,1519,2361,2142,Rent; Region,Rent; CD,Income; Base,Income; Base
195,Larder Lake Tp,ST,Northeastern,225000,261000,243000,324000,353100,225000,261000,243000,324000,250000,290000,270000,360000,Price; Base,Price; Region,Price; CD,Price; Region,879,1173,1380,1380,1380,879,1173,1430,1643,Rent; Region,Rent; Region,Income; CD,Income; CD
196,LaSalle T,LT,Western,539400,539400,539400,432000,539400,774000,594000,648000,432000,860000,660000,720000,480000,Income; Base,Income; Base,Income; Base,Price; Base,942,1192,1454,1744,2290,942,1192,1454,1744,Rent; CD,Rent; CD,Rent; CD,Rent; Region
197,Latchford T,ST,Northeastern,275500,261000,243000,275500,275500,297000,261000,243000,324000,330000,290000,270000,360000,Income; Base,Price; Region,Price; CD,Income; Base,879,1173,1380,1380,1380,879,1173,1430,1643,Rent; Region,Rent; Region,Income; CD,Income; CD
198,Laurentian Hills T,LT,Eastern,378000,369000,387000,279000,419100,378000,369000,387000,279000,420000,410000,430000,310000,Price; Base,Price; CD,Price; CD,Price; CD,1281,1140,1312,1592,2150,1281,1140,1312,1592,Rent; Region,Rent; CD,Rent; CD,Rent; CD
199,Laurentian Valley Tp,LT,Eastern,426800,369000,387000,279000,426800,477000,369000,387000,279000,530000,410000,430000,310000,Income; Base,Price; CD,Price; CD,Price; CD,1281,1140,1312,1592,1870,1281,1140,1312,1592,Rent; Region,Rent; CD,Rent; CD,Rent; CD
200,Leamington M,LT,Western,360900,360900,360900,360900,360900,549000,387000,441000,504000,610000,430000,490000,560000,Income; Base,Income; Base,Income; Base,Income; Base,942,1053,1396,1576,1900,942,1053,1396,1576,Rent; CD,Rent; Base,Rent; Base,Rent; Base
201,Leeds and the Thousand Islands Tp,LT,Eastern,403600,387000,387000,403600,403600,621000,387000,387000,405000,690000,430000,430000,450000,Income; Base,Price; CD,Price; CD,Income; Base,976,1175,1322,1247,2140,976,1175,1322,1247,Rent; CD,Rent; CD,Rent; CD,Rent; CD
202,Limerick Tp,LT,Eastern,240600,240600,240600,240600,240600,531000,378000,459000,405000,590000,420000,510000,450000,Income; Base,Income; Base,Income; Base,Income; Base,1065,1340,1484,1710,1710,1065,1340,1484,1858,Rent; CD,Rent; CD,Rent; CD,Income; CD
203,Lincoln T,LT,Central,465600,465600,465600,423000,465600,936000,594000,630000,423000,1040000,660000,700000,470000,Income; Base,Income; Base,Income; Base,Price; Base,1183,1313,916,1643,2390,1183,1313,916,1643,Rent; CD,Rent; CD,Rent; Base,Rent; CD
204,London C,ST,Western,357000,357000,357000,357000,357000,675000,450000,459000,405000,750000,500000,510000,450000,Income; Base,Income; Base,Income; Base,Income; Base,1081,1384,1657,1830,1830,1081,1384,1657,1980,Rent; Base,Rent; Base,Rent; Base,Income; Base
205,Loyalist Tp,LT,Eastern,419100,419100,419100,405000,419100,594000,468000,468000,405000,660000,520000,520000,450000,Income; Base,Income; Base,Income; Base,Price; CD,955,1206,1298,2060,2060,955,1206,1298,2142,Rent; CD,Rent; CD,Rent; CD,Income; Base
206,Lucan Biddulph Tp,LT,Western,465600,441000,465600,423000,465600,639000,441000,468000,423000,710000,490000,520000,470000,Income; Base,Price; CD,Income; Base,Price; CD,1079,1381,1654,1790,1790,1079,1381,1654,1976,Rent; CD,Rent; CD,Rent; CD,Income; Base
207,Macdonald Meredith et al Tp,ST,Northeastern,405000,207000,234000,306000,442400,405000,207000,234000,306000,450000,230000,260000,340000,Price; Base,Price; CD,Price; CD,Price; CD,918,1109,1249,1329,1460,918,1109,1249,1329,Rent; CD,Rent; CD,Rent; CD,Rent; CD
208,Machar Tp,ST,Northeastern,294900,261000,294900,294900,294900,576000,261000,612000,675000,640000,290000,680000,750000,Income; Base,Price; Region,Income; Base,Income; Base,879,1173,1430,1530,1530,879,1173,1430,1643,Rent; Region,Rent; Region,Rent; Region,Income; CD
209,Machin Tp,ST,Northwestern,380300,243000,351000,306000,380300,396000,243000,351000,306000,440000,270000,390000,340000,Income; Base,Price; Region,Price; CD,Price; Region,950,1005,1479,1851,1940,950,1005,1479,1851,Rent; Region,Rent; CD,Rent; Region,Rent; Region
210,Madawaska Valley Tp,LT,Eastern,285200,285200,285200,279000,285200,495000,369000,387000,279000,550000,410000,430000,310000,Income; Base,Income; Base,Income; Base,Price; CD,1220,1140,1220,1220,1220,1281,1140,1312,1592,Income; Base,Rent; CD,Income; Base,Income; Base
211,Madoc Tp,LT,Eastern,357000,357000,357000,357000,357000,504000,378000,459000,405000,560000,420000,510000,450000,Income; Base,Income; Base,Income; Base,Income; Base,1065,1340,1484,1858,1940,1065,1340,1484,1858,Rent; CD,Rent; CD,Rent; CD,Rent; CD
212,Magnetawan M,ST,Northeastern,275500,261000,275500,275500,275500,693000,261000,612000,675000,770000,290000,680000,750000,Income; Base,Price; Region,Income; Base,Income; Base,879,1173,1430,1620,1620,879,1173,1430,1643,Rent; Region,Rent; Region,Rent; Region,Income; Base
213,Malahide Tp,LT,Western,430700,430700,430700,430700,430700,774000,450000,513000,513000,860000,500000,570000,570000,Income; Base,Income; Base,Income; Base,Income; Base,959,1187,1599,2241,2480,959,1187,1599,2241,Rent; CD,Rent; CD,Rent; CD,Rent; CD
214,Manitouwadge Tp,ST,Northwestern,144000,243000,333000,306000,360900,144000,243000,333000,306000,160000,270000,370000,340000,Price; Base,Price; CD,Price; CD,Price; CD,976,1173,1495,1864,1900,976,1173,1495,1864,Rent; CD,Rent; CD,Rent; CD,Rent; CD
215,Mapleton Tp,LT,Western,492800,492800,492800,492800,492800,828000,531000,657000,585000,920000,590000,730000,650000,Income; Base,Income; Base,Income; Base,Income; Base,1317,1602,1781,2045,2420,1317,1602,1781,2045,Rent; CD,Rent; CD,Rent; CD,Rent; CD
216,Marathon T,ST,Northwestern,216000,243000,333000,306000,415200,216000,243000,333000,306000,240000,270000,370000,340000,Price; Base,Price; CD,Price; CD,Price; CD,976,1173,1495,1750,1750,976,1173,1495,1864,Rent; CD,Rent; CD,Rent; CD,Income; Base
217,Markham C,LT,Central,492800,492800,492800,492800,492800,1566000,1098000,990000,657000,1740000,1220000,1100000,730000,Income; Base,Income; Base,Income; Base,Income; Base,1297,1885,1996,1969,2480,1297,1885,1996,1969,Rent; CD,Rent; Base,Rent; Base,Rent; Base
218,Markstay-Warren M,ST,Northeastern,384200,261000,252000,324000,384200,396000,261000,252000,324000,440000,290000,280000,360000,Income; Base,Price; Region,Price; Region,Price; Region,879,1173,1390,1390,1390,879,1173,1430,1643,Rent; Region,Rent; Region,Income; Base,Income; Base
219,Marmora and Lake M,LT,Eastern,291000,291000,291000,291000,291000,531000,378000,459000,405000,590000,420000,510000,450000,Income; Base,Income; Base,Income; Base,Income; Base,1065,1340,1484,1600,1600,1065,1340,1484,1858,Rent; CD,Rent; CD,Rent; CD,Income; Base
220,Matachewan Tp,ST,Northeastern,297000,261000,243000,324000,341500,297000,261000,243000,324000,330000,290000,270000,360000,Price; CD,Price; Region,Price; CD,Price; Region,879,1173,1380,1380,1380,879,1173,1430,1643,Rent; Region,Rent; Region,Income; CD,Income; CD
221,Mattawa T,ST,Northeastern,246800,246800,246800,246800,246800,279000,333000,306000,333000,310000,370000,340000,370000,Income; Base,Income; Base,Income; Base,Income; Base,807,1051,1270,1270,1270,807,1051,1367,1682,Rent; CD,Rent; CD,Income; Base,Income; Base
222,Mattawan M,ST,Northeastern,337600,333000,306000,333000,337600,450000,333000,306000,333000,500000,370000,340000,370000,Income; CD,Price; CD,Price; CD,Price; CD,807,1051,1367,1570,1570,807,1051,1367,1682,Rent; CD,Rent; CD,Rent; CD,Income; CD
223,Mattice - Val Cote Tp,ST,Northeastern,279000,198000,207000,314300,314300,279000,198000,207000,315000,310000,220000,230000,350000,Price; CD,Price; CD,Price; CD,Income; Base,859,1185,1299,1410,1620,859,1185,1299,1410,Rent; CD,Rent; CD,Rent; CD,Rent; CD
224,McDougall Tp,ST,Northeastern,423000,261000,423000,423000,423000,747000,261000,612000,675000,830000,290000,680000,750000,Income; Base,Price; Region,Income; Base,Income; Base,879,1173,1430,1590,1590,879,1173,1430,1643,Rent; Region,Rent; Region,Rent; Region,Income; Base
225,McGarry Tp,ST,Northeastern,260000,260000,243000,260000,260000,297000,261000,243000,324000,330000,290000,270000,360000,Income; Base,Income; Base,Price; CD,Income; Base,879,1173,1380,1380,1380,879,1173,1430,1643,Rent; Region,Rent; Region,Income; CD,Income; CD
226,McKellar Tp,ST,Northeastern,325900,261000,325900,325900,325900,936000,261000,612000,675000,1040000,290000,680000,750000,Income; Base,Price; Region,Income; Base,Income; Base,879,1173,1430,1530,1530,879,1173,1430,1643,Rent; Region,Rent; Region,Rent; Region,Income; CD
227,McMurrich-Monteith Tp,ST,Northeastern,285200,261000,285200,285200,285200,576000,261000,612000,675000,640000,290000,680000,750000,Income; Base,Price; Region,Income; Base,Income; Base,879,1173,1430,1530,1530,879,1173,1430,1643,Rent; Region,Rent; Region,Rent; Region,Income; CD
228,McNab-Braeside Tp,LT,Eastern,442400,369000,387000,279000,442400,603000,369000,387000,279000,670000,410000,430000,310000,Income; Base,Price; CD,Price; CD,Price; CD,1281,1140,1312,1592,2140,1281,1140,1312,1592,Rent; Region,Rent; CD,Rent; CD,Rent; CD
229,Meaford M,LT,Western,368600,368600,368600,368600,368600,819000,621000,486000,630000,910000,690000,540000,700000,Income; Base,Income; Base,Income; Base,Income; Base,929,926,1231,1350,1580,929,926,1231,1350,Rent; CD,Rent; Base,Rent; Base,Rent; CD
230,Melancthon Tp,LT,Western,450100,450100,450100,450100,450100,927000,594000,639000,558000,1030000,660000,710000,620000,Income; Base,Income; Base,Income; Base,Income; Base,1350,1463,1714,1714,3020,1350,1463,1714,1714,Rent; CD,Rent; CD,Rent; CD,Rent; CD
231,Merrickville-Wolford V,LT,Eastern,423000,387000,387000,405000,423000,558000,387000,387000,405000,620000,430000,430000,450000,Income; Base,Price; CD,Price; CD,Price; CD,976,1175,1322,1247,1910,976,1175,1322,1247,Rent; CD,Rent; CD,Rent; CD,Rent; CD
232,Middlesex Centre M,LT,Western,570400,441000,570400,570400,570400,963000,441000,648000,684000,1070000,490000,720000,760000,Income; Base,Price; CD,Income; Base,Income; Base,1079,1381,1654,1976,2270,1079,1381,1654,1976,Rent; CD,Rent; CD,Rent; CD,Rent; CD
233,Midland T,LT,Central,318200,318200,318200,318200,318200,612000,459000,549000,540000,680000,510000,610000,600000,Income; Base,Income; Base,Income; Base,Income; Base,1003,1286,1576,1620,1620,1003,1286,1576,1833,Rent; CD,Rent; Base,Rent; Base,Income; Base
234,Milton T,LT,Central,566500,566500,566500,566500,566500,1215000,909000,801000,576000,1350000,1010000,890000,640000,Income; Base,Income; Base,Income; Base,Income; Base,1460,1670,1801,2407,3050,1460,1670,1801,2407,Rent; CD,Rent; Base,Rent; Base,Rent; CD
235,Minden Hills Tp,LT,Eastern,333700,333700,333700,333700,333700,675000,414000,477000,504000,750000,460000,530000,560000,Income; Base,Income; Base,Income; Base,Income; Base,1281,1533,1620,1620,1620,1281,1533,1762,2142,Rent; Region,Rent; Region,Income; Base,Income; Base
236,Minto T,LT,Western,391900,391900,391900,391900,391900,621000,639000,657000,585000,690000,710000,730000,650000,Income; Base,Income; Base,Income; Base,Income; Base,1317,1602,1781,1810,1810,1317,1602,1781,2045,Rent; CD,Rent; CD,Rent; CD,Income; Base
237,Mississauga C,LT,Central,469500,469500,469500,469500,469500,1404000,918000,774000,567000,1560000,1020000,860000,630000,Income; Base,Income; Base,Income; Base,Income; Base,1262,1746,2005,2109,2480,1262,1746,2005,2109,Rent; Base,Rent; Base,Rent; Base,Rent; Base
238,Mississippi Mills M,LT,Eastern,454000,454000,454000,454000,454000,639000,531000,504000,468000,710000,590000,560000,520000,Income; Base,Income; Base,Income; Base,Income; Base,1281,1519,1900,1900,1900,1281,1519,2361,2142,Rent; Region,Rent; CD,Income; Base,Income; Base
239,Mono T,LT,Western,651900,594000,639000,558000,651900,1467000,594000,639000,558000,1630000,660000,710000,620000,Income; Base,Price; CD,Price; CD,Price; CD,1350,1463,1714,1714,3260,1350,1463,1714,1714,Rent; CD,Rent; CD,Rent; CD,Rent; CD
240,Montague Tp,LT,Eastern,454000,454000,454000,387000,454000,567000,459000,522000,387000,630000,510000,580000,430000,Income; Base,Income; Base,Income; Base,Price; CD,1281,1519,2361,2142,2420,1281,1519,2361,2142,Rent; Region,Rent; CD,Rent; CD,Rent; Region
241,Moonbeam Tp,ST,Northeastern,306000,198000,207000,315000,395800,306000,198000,207000,315000,340000,220000,230000,350000,Price; Base,Price; CD,Price; CD,Price; CD,859,1185,1299,1410,1620,859,1185,1299,1410,Rent; CD,Rent; CD,Rent; CD,Rent; CD
242,Moosonee T,ST,Northeastern,279000,198000,207000,315000,426800,279000,198000,207000,315000,310000,220000,230000,350000,Price; CD,Price; CD,Price; CD,Price; CD,859,1185,1299,1410,2660,859,1185,1299,1410,Rent; CD,Rent; CD,Rent; CD,Rent; CD
243,Morley Tp,ST,Northwestern,270000,243000,324000,306000,446200,270000,243000,324000,306000,300000,270000,360000,340000,Price; CD,Price; Region,Price; Region,Price; Region,950,1163,1479,1660,1660,950,1163,1479,1851,Rent; Region,Rent; Region,Rent; Region,Income; CD
244,Morris-Turnberry M,LT,Western,391900,391900,391900,391900,391900,576000,450000,459000,495000,640000,500000,510000,550000,Income; Base,Income; Base,Income; Base,Income; Base,1082,1205,1804,1744,1990,1082,1205,1804,1744,Rent; Region,Rent; CD,Rent; CD,Rent; Region
245,Mulmur Tp,LT,Western,523800,523800,523800,523800,523800,1233000,594000,639000,558000,1370000,660000,710000,620000,Income; Base,Income; Base,Income; Base,Income; Base,1350,1463,1714,1714,2120,1350,1463,1714,1714,Rent; CD,Rent; CD,Rent; CD,Rent; CD
246,Muskoka Lakes Tp,LT,Central,403600,403600,403600,403600,403600,2187000,522000,4005000,1791000,2430000,580000,4450000,1990000,Income; Base,Income; Base,Income; Base,Income; Base,1012,1347,1560,1850,1850,1012,1347,1560,2418,Rent; CD,Rent; CD,Rent; CD,Income; Base
247,Nairn and Hyman Tp,ST,Northeastern,387000,261000,252000,324000,419100,387000,261000,252000,324000,430000,290000,280000,360000,Price; CD,Price; Region,Price; Region,Price; Region,879,1173,1430,1620,1620,879,1173,1430,1643,Rent; Region,Rent; Region,Rent; Region,Income; CD
248,Neebing M,ST,Northwestern,396000,243000,333000,306000,430700,396000,243000,333000,306000,440000,270000,370000,340000,Price; Base,Price; CD,Price; CD,Price; CD,976,1173,1495,1690,1690,976,1173,1495,1864,Rent; CD,Rent; CD,Rent; CD,Income; CD
249,New Tecumseth T,LT,Central,465600,465600,465600,465600,465600,945000,666000,684000,603000,1050000,740000,760000,670000,Income; Base,Income; Base,Income; Base,Income; Base,1003,1248,1419,1833,2320,1003,1248,1419,1833,Rent; CD,Rent; Base,Rent; Base,Rent; CD
250,Newbury V,LT,Western,333700,333700,333700,333700,333700,693000,441000,468000,423000,770000,490000,520000,470000,Income; Base,Income; Base,Income; Base,Income; Base,1079,1381,1654,1830,1830,1079,1381,1654,1976,Rent; CD,Rent; CD,Rent; CD,Income; CD
251,Newmarket T,LT,Central,504400,504400,504400,504400,504400,1152000,837000,810000,567000,1280000,930000,900000,630000,Income; Base,Income; Base,Income; Base,Income; Base,1297,1951,2380,2380,2380,1297,1951,2415,2658,Rent; CD,Rent; Base,Income; Base,Income; Base
252,Niagara Falls C,LT,Central,345300,345300,345300,345300,345300,648000,513000,540000,441000,720000,570000,600000,490000,Income; Base,Income; Base,Income; Base,Income; Base,931,1416,1585,1639,1760,931,1416,1585,1639,Rent; Base,Rent; Base,Rent; Base,Rent; Base
253,Niagara-on-the-Lake T,LT,Central,450100,450100,450100,450100,450100,1260000,765000,864000,765000,1400000,850000,960000,850000,Income; Base,Income; Base,Income; Base,Income; Base,1183,1313,1527,1643,2110,1183,1313,1527,1643,Rent; CD,Rent; CD,Rent; CD,Rent; CD
254,Nipigon Tp,ST,Northwestern,216000,243000,325900,306000,325900,216000,243000,333000,306000,240000,270000,370000,340000,Price; Base,Price; CD,Income; Base,Price; CD,976,1173,1495,1690,1690,976,1173,1495,1864,Rent; CD,Rent; CD,Rent; CD,Income; CD
255,Nipissing Tp,ST,Northeastern,372500,261000,372500,372500,372500,549000,261000,612000,675000,610000,290000,680000,750000,Income; Base,Price; Region,Income; Base,Income; Base,879,1173,1430,1530,1530,879,1173,1430,1643,Rent; Region,Rent; Region,Rent; Region,Income; CD
256,Norfolk County,ST,Western,376400,376400,376400,376400,376400,648000,513000,549000,594000,720000,570000,610000,660000,Income; Base,Income; Base,Income; Base,Income; Base,667,1004,993,1744,1750,667,1004,993,1744,Rent; Base,Rent; Base,Rent; Base,Rent; Region
257,North Algona-Wilberforce Tp,LT,Eastern,372500,369000,372500,279000,372500,486000,369000,387000,279000,540000,410000,430000,310000,Income; Base,Price; CD,Income; Base,Price; CD,1281,1140,1312,1592,1810,1281,1140,1312,1592,Rent; Region,Rent; CD,Rent; CD,Rent; CD
258,North Bay C,ST,Northeastern,333700,333000,297000,324000,333700,459000,333000,297000,324000,510000,370000,330000,360000,Income; Base,Price; Base,Price; Base,Price; Base,827,1071,1400,1630,1630,827,1071,1400,1728,Rent; Base,Rent; Base,Rent; Base,Income; Base
259,North Dumfries Tp,LT,Western,582000,582000,582000,459000,582000,990000,630000,675000,459000,1100000,700000,750000,510000,Income; Base,Income; Base,Income; Base,Price; CD,1261,1545,1832,1980,2480,1261,1545,1832,1980,Rent; CD,Rent; CD,Rent; CD,Rent; CD
260,North Dundas Tp,LT,Eastern,415200,351000,324000,324000,415200,486000,351000,324000,324000,540000,390000,360000,360000,Income; Base,Price; CD,Price; CD,Price; CD,951,1078,1277,1363,1960,951,1078,1277,1363,Rent; CD,Rent; CD,Rent; CD,Rent; CD
261,North Frontenac Tp,LT,Eastern,322100,322100,322100,322100,322100,522000,459000,513000,432000,580000,510000,570000,480000,Income; Base,Income; Base,Income; Base,Income; Base,1202,1505,1767,1870,1870,1202,1505,1767,2710,Rent; CD,Rent; CD,Rent; CD,Income; CD
262,North Glengarry Tp,LT,Eastern,325900,325900,324000,324000,325900,396000,351000,324000,324000,440000,390000,360000,360000,Income; Base,Income; Base,Price; CD,Price; CD,951,1078,1277,1363,1540,951,1078,1277,1363,Rent; CD,Rent; CD,Rent; CD,Rent; CD
263,North Grenville M,LT,Eastern,488900,488900,450000,333000,488900,648000,522000,450000,333000,720000,580000,500000,370000,Income; Base,Income; Base,Price; Base,Price; Base,976,1175,1322,1247,2170,976,1175,1322,1247,Rent; CD,Rent; CD,Rent; CD,Rent; CD
264,North Huron Tp,LT,Western,341500,341500,341500,341500,341500,477000,450000,459000,495000,530000,500000,510000,550000,Income; Base,Income; Base,Income; Base,Income; Base,1082,1205,1380,1380,1380,1082,1205,1804,1744,Rent; Region,Rent; CD,Income; Base,Income; Base
265,North Kawartha Tp,LT,Eastern,345300,345300,345300,345300,345300,810000,486000,531000,558000,900000,540000,590000,620000,Income; Base,Income; Base,Income; Base,Income; Base,990,1060,1060,1060,1060,990,1245,1518,1730,Rent; CD,Income; Base,Income; Base,Income; Base
266,North Middlesex M,LT,Western,407400,407400,407400,407400,407400,612000,441000,468000,423000,680000,490000,520000,470000,Income; Base,Income; Base,Income; Base,Income; Base,1079,1381,1654,1820,1820,1079,1381,1654,1976,Rent; CD,Rent; CD,Rent; CD,Income; Base
267,North Perth M,LT,Western,380300,380300,380300,380300,380300,639000,513000,504000,441000,710000,570000,560000,490000,Income; Base,Income; Base,Income; Base,Income; Base,1117,1398,1247,1434,1850,1117,1398,1247,1434,Rent; Base,Rent; Base,Rent; Base,Rent; Base
268,North Stormont Tp,LT,Eastern,415200,351000,324000,324000,415200,432000,351000,324000,324000,480000,390000,360000,360000,Income; Base,Price; CD,Price; CD,Price; CD,951,1078,1277,1363,2110,951,1078,1277,1363,Rent; CD,Rent; CD,Rent; CD,Rent; CD
269,Northeastern Manitoulin & The Isl T,ST,Northeastern,360900,261000,252000,324000,360900,432000,261000,252000,324000,480000,290000,280000,360000,Income; Base,Price; Region,Price; Region,Price; Region,879,1173,1410,1410,1410,879,1173,1430,1643,Rent; Region,Rent; Region,Income; Base,Income; Base
270,Northern Bruce Peninsula M,LT,Western,337600,337600,337600,337600,337600,657000,459000,531000,549000,730000,510000,590000,610000,Income; Base,Income; Base,Income; Base,Income; Base,1082,1254,1710,1710,1710,1082,1254,1783,1828,Rent; Region,Rent; CD,Income; Base,Income; Base
271,Norwich Tp,LT,Western,426800,426800,426800,426800,426800,765000,495000,477000,576000,850000,550000,530000,640000,Income; Base,Income; Base,Income; Base,Income; Base,1026,1350,1572,1926,2200,1026,1350,1572,1926,Rent; CD,Rent; CD,Rent; CD,Rent; CD
272,Oakville T,LT,Central,609200,609200,609200,609200,609200,1854000,1053000,1008000,684000,2060000,1170000,1120000,760000,Income; Base,Income; Base,Income; Base,Income; Base,1477,1915,2337,2439,2720,1477,1915,2337,2439,Rent; Base,Rent; Base,Rent; Base,Rent; Base
273,O'Connor Tp,ST,Northwestern,351000,243000,333000,306000,481200,351000,243000,333000,306000,390000,270000,370000,340000,Price; CD,Price; CD,Price; CD,Price; CD,976,1173,1495,1690,1690,976,1173,1495,1864,Rent; CD,Rent; CD,Rent; CD,Income; CD
274,Oil Springs V,LT,Western,426800,360000,342000,405000,426800,567000,360000,342000,405000,630000,400000,380000,450000,Income; Base,Price; CD,Price; CD,Price; CD,988,1249,1522,1712,1730,988,1249,1522,1712,Rent; CD,Rent; CD,Rent; CD,Rent; CD
275,Oliver Paipoonge M,ST,Northwestern,468000,243000,333000,306000,485000,468000,243000,333000,306000,520000,270000,370000,340000,Price; Base,Price; CD,Price; CD,Price; CD,976,1173,1495,1864,2200,976,1173,1495,1864,Rent; CD,Rent; CD,Rent; CD,Rent; CD
276,Opasatika Tp,ST,Northeastern,279000,198000,207000,315000,376400,279000,198000,207000,315000,310000,220000,230000,350000,Price; CD,Price; CD,Price; CD,Price; CD,859,1185,1299,1410,1620,859,1185,1299,1410,Rent; CD,Rent; CD,Rent; CD,Rent; CD
277,Orangeville T,LT,Western,469500,469500,469500,459000,469500,855000,603000,639000,459000,950000,670000,710000,510000,Income; Base,Income; Base,Income; Base,Price; Base,1350,1463,1714,1714,2060,1350,1463,1714,1714,Rent; Base,Rent; Base,Rent; Base,Rent; Base
278,Orillia C,ST,Central,329800,329800,329800,329800,329800,657000,639000,567000,630000,730000,710000,630000,700000,Income; Base,Income; Base,Income; Base,Income; Base,923,1475,1556,1710,1710,923,1475,1556,1744,Rent; Base,Rent; Base,Rent; Base,Income; Base
279,Oro-Medonte Tp,LT,Central,527700,527700,527700,459000,527700,1044000,639000,711000,459000,1160000,710000,790000,510000,Income; Base,Income; Base,Income; Base,Price; Base,1003,1475,1651,1833,2690,1003,1475,1651,1833,Rent; CD,Rent; CD,Rent; CD,Rent; CD
280,Oshawa C,LT,Central,391900,391900,391900,391900,391900,810000,612000,603000,486000,900000,680000,670000,540000,Income; Base,Income; Base,Income; Base,Income; Base,1318,1598,1771,2020,2020,1318,1598,1771,2095,Rent; Base,Rent; Base,Rent; Base,Income; Base
281,Otonabee-South Monaghan Tp,LT,Eastern,434600,434600,434600,434600,434600,801000,486000,531000,558000,890000,540000,590000,620000,Income; Base,Income; Base,Income; Base,Income; Base,990,1245,1518,1730,1880,990,1245,1518,1730,Rent; CD,Rent; CD,Rent; CD,Rent; CD
282,Ottawa C,ST,Eastern,473400,473400,473400,432000,473400,828000,675000,513000,432000,920000,750000,570000,480000,Income; Base,Income; Base,Income; Base,Price; Base,1331,1597,1926,2203,2300,1331,1597,1926,2203,Rent; Base,Rent; Base,Rent; Base,Rent; Base
283,Owen Sound C,LT,Western,293000,293000,293000,293000,293000,495000,360000,405000,396000,550000,400000,450000,440000,Income; Base,Income; Base,Income; Base,Income; Base,936,1130,1263,1376,1480,936,1130,1263,1376,Rent; Base,Rent; Base,Rent; Base,Rent; Base
284,Papineau-Cameron Tp,ST,Northeastern,360000,333000,306000,333000,411300,360000,333000,306000,333000,400000,370000,340000,370000,Price; Base,Price; CD,Price; CD,Price; CD,807,1051,1367,1570,1570,807,1051,1367,1682,Rent; CD,Rent; CD,Rent; CD,Income; CD
285,Parry Sound T,ST,Northeastern,294900,261000,294900,294900,294900,522000,261000,612000,639000,580000,290000,680000,710000,Income; Base,Price; Region,Income; Base,Income; Base,879,1173,1430,1560,1560,879,1173,1430,1643,Rent; Region,Rent; Region,Rent; Region,Income; Base
286,Pelee Tp,ST,Western,380300,380300,380300,369000,380300,585000,504000,468000,369000,650000,560000,520000,410000,Income; CD,Income; CD,Income; CD,Price; CD,942,1192,1454,1710,1710,942,1192,1454,1744,Rent; CD,Rent; CD,Rent; CD,Income; CD
287,Pelham T,LT,Central,500600,500600,500600,500600,500600,963000,531000,738000,504000,1070000,590000,820000,560000,Income; Base,Income; Base,Income; Base,Income; Base,1183,1313,1527,1643,1910,1183,1313,1527,1643,Rent; CD,Rent; CD,Rent; CD,Rent; CD
288,Pembroke C,ST,Eastern,291000,291000,279000,279000,291000,342000,306000,279000,279000,380000,340000,310000,310000,Income; Base,Income; Base,Price; Base,Price; CD,855,953,1207,1510,1510,855,953,1207,1592,Rent; Base,Rent; Base,Rent; Base,Income; Base
289,Penetanguishene T,LT,Central,345300,345300,345300,345300,345300,666000,396000,585000,567000,740000,440000,650000,630000,Income; Base,Income; Base,Income; Base,Income; Base,1003,1302,1360,1360,1360,1003,1302,1423,1833,Rent; CD,Rent; Base,Income; Base,Income; Base
290,Perry Tp,ST,Northeastern,333700,261000,333700,333700,333700,621000,261000,612000,675000,690000,290000,680000,750000,Income; Base,Price; Region,Income; Base,Income; Base,879,1173,1430,1630,1630,879,1173,1430,1643,Rent; Region,Rent; Region,Rent; Region,Income; Base
291,Perth East Tp,LT,Western,438500,438500,438500,438500,438500,711000,495000,513000,441000,790000,550000,570000,490000,Income; Base,Income; Base,Income; Base,Income; Base,1083,1494,1564,1698,2290,1083,1494,1564,1698,Rent; CD,Rent; CD,Rent; CD,Rent; CD
292,Perth South Tp,LT,Western,465600,465600,465600,441000,465600,810000,495000,513000,441000,900000,550000,570000,490000,Income; Base,Income; Base,Income; Base,Price; CD,1083,1494,1564,1698,2150,1083,1494,1564,1698,Rent; CD,Rent; CD,Rent; CD,Rent; CD
293,Perth T,LT,Eastern,298800,298800,298800,298800,298800,504000,459000,414000,333000,560000,510000,460000,370000,Income; Base,Income; Base,Income; Base,Income; Base,1281,1519,1630,1630,1630,1281,1519,2361,2142,Rent; Region,Rent; CD,Income; Base,Income; Base
294,Petawawa T,LT,Eastern,450100,369000,351000,279000,450100,468000,369000,351000,279000,520000,410000,390000,310000,Income; Base,Price; CD,Price; Base,Price; CD,1281,1079,1225,1104,2810,1281,1079,1225,1104,Rent; Region,Rent; Base,Rent; Base,Rent; Base
295,Peterborough C,ST,Eastern,329800,329800,329800,329800,329800,612000,486000,522000,486000,680000,540000,580000,540000,Income; Base,Income; Base,Income; Base,Income; Base,988,1250,1523,1710,1710,988,1250,1523,1730,Rent; Base,Rent; Base,Rent; Base,Income; Base
296,Petrolia T,LT,Western,384200,360000,342000,384200,384200,468000,360000,342000,405000,520000,400000,380000,450000,Income; Base,Price; CD,Price; CD,Income; Base,988,1249,1522,1630,1630,988,1249,1522,1712,Rent; CD,Rent; CD,Rent; CD,Income; Base
297,Pickering C,LT,Central,539400,539400,539400,539400,539400,1161000,819000,693000,540000,1290000,910000,770000,600000,Income; Base,Income; Base,Income; Base,Income; Base,1330,1573,1748,1828,2540,1330,1573,1748,1828,Rent; CD,Rent; CD,Rent; CD,Rent; Base
298,Pickle Lake Tp,ST,Northwestern,289100,243000,289100,289100,289100,396000,243000,351000,306000,440000,270000,390000,340000,Income; Base,Price; Region,Income; Base,Income; Base,950,1005,1479,1730,1730,950,1005,1479,1851,Rent; Region,Rent; CD,Rent; Region,Income; Base
299,Plummer Additional Tp,ST,Northeastern,271600,207000,234000,271600,271600,342000,207000,234000,306000,380000,230000,260000,340000,Income; Base,Price; CD,Price; CD,Income; Base,918,1109,1249,1329,1460,918,1109,1249,1329,Rent; CD,Rent; CD,Rent; CD,Rent; CD
300,Plympton-Wyoming T,LT,Western,488900,360000,342000,405000,488900,720000,360000,342000,405000,800000,400000,380000,450000,Income; Base,Price; CD,Price; CD,Price; CD,988,1249,1522,1712,2180,988,1249,1522,1712,Rent; CD,Rent; CD,Rent; CD,Rent; CD
301,Point Edward V,LT,Western,391900,360000,342000,391900,391900,459000,360000,342000,459000,510000,400000,380000,510000,Income; Base,Price; CD,Price; CD,Income; Base,988,1249,1522,1712,2420,988,1249,1522,1712,Rent; CD,Rent; CD,Rent; CD,Rent; CD
302,Port Colborne C,LT,Central,333700,333700,333700,333700,333700,567000,531000,459000,486000,630000,590000,510000,540000,Income; Base,Income; Base,Income; Base,Income; Base,1183,1082,1118,1510,1510,1183,1082,1118,1643,Rent; CD,Rent; Base,Rent; Base,Income; Base
303,Port Hope M,LT,Eastern,407400,407400,407400,407400,407400,756000,558000,549000,486000,840000,620000,610000,540000,Income; Base,Income; Base,Income; Base,Income; Base,1148,1585,1588,1630,1630,1148,1585,1588,1895,Rent; CD,Rent; Base,Rent; Base,Income; Base
304,Powassan M,ST,Northeastern,360900,261000,360900,360900,360900,495000,261000,612000,675000,550000,290000,680000,750000,Income; Base,Price; Region,Income; Base,Income; Base,879,1173,1340,1340,1340,879,1173,1430,1643,Rent; Region,Rent; Region,Income; Base,Income; Base
305,Prescott ST,ST,Eastern,281300,281300,281300,281300,281300,369000,288000,387000,405000,410000,320000,430000,450000,Income; Base,Income; Base,Income; Base,Income; Base,976,1175,1322,1247,1420,976,1175,1322,1247,Rent; CD,Rent; CD,Rent; CD,Rent; CD
306,Prince Edward County C,ST,Eastern,376400,376400,376400,376400,376400,801000,414000,531000,666000,890000,460000,590000,740000,Income; Base,Income; Base,Income; Base,Income; Base,1281,1352,1362,1790,1790,1281,1352,1362,2142,Rent; Region,Rent; Base,Rent; Base,Income; Base
307,Prince Tp,ST,Northeastern,342000,207000,234000,306000,512200,342000,207000,234000,306000,380000,230000,260000,340000,Price; CD,Price; CD,Price; CD,Price; CD,918,1109,1249,1329,1460,918,1109,1249,1329,Rent; CD,Rent; CD,Rent; CD,Rent; CD
308,Puslinch Tp,LT,Western,644100,639000,644100,644100,644100,1629000,639000,1071000,1467000,1810000,710000,1190000,1630000,Income; Base,Price; CD,Income; Base,Income; Base,1317,1602,1781,2045,2810,1317,1602,1781,2045,Rent; CD,Rent; CD,Rent; CD,Rent; CD
309,Quinte West C,ST,Eastern,372500,372500,372500,372500,372500,540000,396000,486000,450000,600000,440000,540000,500000,Income; Base,Income; Base,Income; Base,Income; Base,1065,1392,1422,1858,1990,1065,1392,1422,1858,Rent; CD,Rent; Base,Rent; Base,Rent; CD
310,Rainy River T,ST,Northwestern,270000,243000,324000,306000,333700,270000,243000,324000,306000,300000,270000,360000,340000,Price; CD,Price; Region,Price; Region,Price; Region,950,1163,1320,1320,1320,950,1163,1479,1851,Rent; Region,Rent; Region,Income; Base,Income; Base
311,Ramara Tp,LT,Central,399700,399700,399700,399700,399700,810000,639000,468000,567000,900000,710000,520000,630000,Income; Base,Income; Base,Income; Base,Income; Base,1003,1475,1651,1833,2020,1003,1475,1651,1833,Rent; CD,Rent; CD,Rent; CD,Rent; CD
312,Red Lake M,ST,Northwestern,234000,243000,351000,306000,531600,234000,243000,351000,306000,260000,270000,390000,340000,Price; Base,Price; Region,Price; CD,Price; Region,950,1005,1479,1851,2510,950,1005,1479,1851,Rent; Region,Rent; CD,Rent; Region,Rent; Region
313,Red Rock Tp,ST,Northwestern,341500,243000,333000,306000,341500,351000,243000,333000,306000,390000,270000,370000,340000,Income; Base,Price; CD,Price; CD,Price; CD,976,1173,1495,1690,1690,976,1173,1495,1864,Rent; CD,Rent; CD,Rent; CD,Income; Base
314,Renfrew T,LT,Eastern,287100,287100,287100,279000,287100,360000,369000,360000,279000,400000,410000,400000,310000,Income; Base,Income; Base,Income; Base,Price; CD,1281,1140,1312,1440,1440,1281,1140,1312,1592,Rent; Region,Rent; CD,Rent; CD,Income; Base
315,Richmond Hill C,LT,Central,488900,488900,488900,488900,488900,1719000,1071000,1017000,594000,1910000,1190000,1130000,660000,Income; Base,Income; Base,Income; Base,Income; Base,1328,1583,1827,2260,2260,1328,1583,1827,2332,Rent; Base,Rent; Base,Rent; Base,Income; Base
316,Rideau Lakes Tp,LT,Eastern,380300,380300,380300,380300,380300,603000,387000,387000,405000,670000,430000,430000,450000,Income; Base,Income; Base,Income; Base,Income; Base,976,1175,1322,1247,2140,976,1175,1322,1247,Rent; CD,Rent; CD,Rent; CD,Rent; CD
317,Russell Tp,LT,Eastern,547100,513000,459000,351000,547100,621000,513000,459000,351000,690000,570000,510000,390000,Income; Base,Price; Base,Price; Base,Price; Base,590,948,1463,2140,2140,590,948,1463,2142,Rent; CD,Rent; CD,Rent; CD,Income; Base
318,Ryerson Tp,ST,Northeastern,296800,261000,296800,296800,296800,675000,261000,612000,675000,750000,290000,680000,750000,Income; Base,Price; Region,Income; Base,Income; Base,879,1173,1430,1530,1530,879,1173,1430,1643,Rent; Region,Rent; Region,Rent; Region,Income; CD
319,Sables-Spanish Rivers Tp,ST,Northeastern,318200,261000,252000,318200,318200,351000,261000,252000,324000,390000,290000,280000,360000,Income; Base,Price; Region,Price; Region,Income; Base,879,1173,1430,1480,1480,879,1173,1430,1643,Rent; Region,Rent; Region,Rent; Region,Income; Base
320,Sarnia C,LT,Western,364700,333000,297000,360000,364700,522000,333000,297000,360000,580000,370000,330000,400000,Income; Base,Price; Base,Price; Base,Price; Base,988,1249,1527,1700,1700,988,1249,1527,1826,Rent; Base,Rent; Base,Rent; Base,Income; Base
321,Saugeen Shores T,LT,Western,492800,432000,492800,492800,492800,738000,432000,549000,495000,820000,480000,610000,550000,Income; Base,Price; Base,Income; Base,Income; Base,1082,1177,1790,1828,1870,1082,1177,1790,1828,Rent; Region,Rent; Base,Rent; Base,Rent; Base
322,Sault Ste Marie C,ST,Northeastern,341500,234000,297000,315000,341500,351000,234000,297000,315000,390000,260000,330000,350000,Income; Base,Price; Base,Price; Base,Price; Base,942,1168,1363,1465,1480,942,1168,1363,1465,Rent; Base,Rent; Base,Rent; Base,Rent; Base
323,Schreiber Tp,ST,Northwestern,351000,243000,333000,306000,376400,351000,243000,333000,306000,390000,270000,370000,340000,Price; CD,Price; CD,Price; CD,Price; CD,976,1173,1460,1460,1460,976,1173,1495,1864,Rent; CD,Rent; CD,Income; Base,Income; Base
324,Scugog Tp,LT,Central,496700,496700,496700,496700,496700,954000,711000,693000,558000,1060000,790000,770000,620000,Income; Base,Income; Base,Income; Base,Income; Base,1330,1117,1452,1909,2150,1330,1117,1452,1909,Rent; CD,Rent; Base,Rent; Base,Rent; CD
325,Seguin Tp,ST,Northeastern,419100,261000,419100,419100,419100,1305000,261000,612000,675000,1450000,290000,680000,750000,Income; Base,Price; Region,Income; Base,Income; Base,879,1173,1430,1643,1930,879,1173,1430,1643,Rent; Region,Rent; Region,Rent; Region,Rent; Region
326,Selwyn Tp,LT,Eastern,446200,446200,446200,446200,446200,819000,486000,531000,558000,910000,540000,590000,620000,Income; Base,Income; Base,Income; Base,Income; Base,990,1245,1518,1700,1700,990,1245,1518,1730,Rent; CD,Rent; CD,Rent; CD,Income; Base
327,Severn Tp,LT,Central,430700,430700,430700,430700,430700,882000,639000,630000,567000,980000,710000,700000,630000,Income; Base,Income; Base,Income; Base,Income; Base,1003,1475,1651,1660,1660,1003,1475,1651,1833,Rent; CD,Rent; CD,Rent; CD,Income; Base
328,Shelburne T,LT,Western,454000,454000,454000,454000,454000,729000,558000,567000,558000,810000,620000,630000,620000,Income; Base,Income; Base,Income; Base,Income; Base,1350,1463,1500,1500,1500,1350,1463,1714,1714,Rent; CD,Rent; CD,Income; Base,Income; Base
329,Shuniah M,ST,Northwestern,492800,243000,333000,306000,492800,513000,243000,333000,306000,570000,270000,370000,340000,Income; Base,Price; CD,Price; CD,Price; CD,976,1173,1495,1690,1690,976,1173,1495,1864,Rent; CD,Rent; CD,Rent; CD,Income; CD
330,Sioux Lookout M,ST,Northwestern,360000,243000,351000,306000,465600,360000,243000,351000,306000,400000,270000,390000,340000,Price; Base,Price; Region,Price; CD,Price; Region,950,1005,1479,1851,2320,950,1005,1479,1851,Rent; Region,Rent; CD,Rent; Region,Rent; Region
331,Sioux Narrows-Nestor Falls Tp,ST,Northwestern,353100,243000,351000,306000,353100,396000,243000,351000,306000,440000,270000,390000,340000,Income; Base,Price; Region,Price; CD,Price; Region,950,1005,1479,1851,1940,950,1005,1479,1851,Rent; Region,Rent; CD,Rent; Region,Rent; Region
332,Smiths Falls ST,ST,Eastern,285200,285200,285200,285200,285200,396000,459000,711000,387000,440000,510000,790000,430000,Income; Base,Income; Base,Income; Base,Income; Base,1281,1510,1510,1510,1510,1281,1519,2361,2142,Rent; Region,Income; Base,Income; Base,Income; Base
333,Smooth Rock Falls T,ST,Northeastern,279000,198000,207000,304600,304600,279000,198000,207000,315000,310000,220000,230000,350000,Price; CD,Price; CD,Price; CD,Income; Base,859,1185,1299,1300,1300,859,1185,1299,1410,Rent; CD,Rent; CD,Rent; CD,Income; Base
334,South Algonquin Tp,ST,Northeastern,267700,267700,267700,267700,267700,450000,333000,306000,333000,500000,370000,340000,370000,Income; Base,Income; Base,Income; Base,Income; Base,807,1051,1367,1570,1570,807,1051,1367,1682,Rent; CD,Rent; CD,Rent; CD,Income; CD
335,South Bruce M,LT,Western,395800,395800,395800,395800,395800,576000,459000,531000,549000,640000,510000,590000,610000,Income; Base,Income; Base,Income; Base,Income; Base,1082,1254,1783,1828,2080,1082,1254,1783,1828,Rent; Region,Rent; CD,Rent; CD,Rent; CD
336,South Dundas Tp,LT,Eastern,364700,306000,324000,324000,364700,423000,306000,324000,324000,470000,340000,360000,360000,Income; Base,Price; Base,Price; CD,Price; CD,951,1078,1277,1363,1660,951,1078,1277,1363,Rent; CD,Rent; CD,Rent; CD,Rent; CD
337,South Frontenac Tp,LT,Eastern,465600,459000,465600,432000,465600,639000,459000,513000,432000,710000,510000,570000,480000,Income; Base,Price; CD,Income; Base,Price; CD,1202,1505,1767,1900,1900,1202,1505,1767,2710,Rent; CD,Rent; CD,Rent; CD,Income; Base
338,South Glengarry Tp,LT,Eastern,415200,351000,324000,324000,415200,504000,351000,324000,324000,560000,390000,360000,360000,Income; Base,Price; CD,Price; CD,Price; CD,951,1078,1277,1363,1930,951,1078,1277,1363,Rent; CD,Rent; CD,Rent; CD,Rent; CD
339,South Huron M,LT,Western,357000,357000,357000,357000,357000,648000,450000,504000,495000,720000,500000,560000,550000,Income; Base,Income; Base,Income; Base,Income; Base,1082,1205,1750,1744,1750,1082,1205,1804,1744,Rent; Region,Rent; Base,Income; Base,Rent; Region
340,South River V,ST,Northeastern,279400,261000,279400,279400,279400,423000,261000,612000,675000,470000,290000,680000,750000,Income; Base,Price; Region,Income; Base,Income; Base,879,1173,1430,1440,1440,879,1173,1430,1643,Rent; Region,Rent; Region,Rent; Region,Income; Base
341,South Stormont Tp,LT,Eastern,423000,351000,324000,324000,423000,477000,351000,324000,324000,530000,390000,360000,360000,Income; Base,Price; CD,Price; CD,Price; CD,951,1078,1277,1363,2110,951,1078,1277,1363,Rent; CD,Rent; CD,Rent; CD,Rent; CD
342,Southgate Tp,LT,Western,391900,391900,391900,391900,391900,684000,621000,630000,567000,760000,690000,700000,630000,Income; Base,Income; Base,Income; Base,Income; Base,929,1101,1243,1350,2270,929,1101,1243,1350,Rent; CD,Rent; CD,Rent; CD,Rent; CD
343,Southwest Middlesex M,LT,Western,368600,368600,368600,368600,368600,522000,441000,468000,423000,580000,490000,520000,470000,Income; Base,Income; Base,Income; Base,Income; Base,1079,1381,1510,1510,1510,1079,1381,1654,1976,Rent; CD,Rent; CD,Income; Base,Income; Base
344,South-West Oxford Tp,LT,Western,438500,438500,438500,438500,438500,702000,495000,477000,576000,780000,550000,530000,640000,Income; Base,Income; Base,Income; Base,Income; Base,1026,1350,1572,1926,2540,1026,1350,1572,1926,Rent; CD,Rent; CD,Rent; CD,Rent; CD
345,Southwold Tp,LT,Western,473400,450000,473400,473400,473400,747000,450000,513000,513000,830000,500000,570000,570000,Income; Base,Price; CD,Income; Base,Income; Base,959,1187,1599,2241,2450,959,1187,1599,2241,Rent; CD,Rent; CD,Rent; CD,Rent; CD
346,Spanish T,ST,Northeastern,195600,195600,195600,195600,195600,342000,207000,234000,306000,380000,230000,260000,340000,Income; Base,Income; Base,Income; Base,Income; Base,918,1109,1249,1329,1460,918,1109,1249,1329,Rent; CD,Rent; CD,Rent; CD,Rent; CD
347,Springwater Tp,LT,Central,554900,554900,554900,554900,554900,1035000,639000,630000,711000,1150000,710000,700000,790000,Income; Base,Income; Base,Income; Base,Income; Base,1003,1475,1651,1833,2120,1003,1475,1651,1833,Rent; CD,Rent; CD,Rent; CD,Rent; CD
348,St Catharines C,LT,Central,333700,333700,333700,333700,333700,648000,504000,576000,441000,720000,560000,640000,490000,Income; Base,Income; Base,Income; Base,Income; Base,1212,1387,1626,1690,1690,1212,1387,1626,1801,Rent; Base,Rent; Base,Rent; Base,Income; Base
349,St Clair Tp,LT,Western,457900,360000,315000,405000,457900,558000,360000,315000,405000,620000,400000,350000,450000,Income; Base,Price; CD,Price; Base,Price; CD,988,1249,1522,1712,2180,988,1249,1522,1712,Rent; CD,Rent; CD,Rent; CD,Rent; CD
350,St Joseph Tp,ST,Northeastern,405000,207000,234000,306000,411300,405000,207000,234000,306000,450000,230000,260000,340000,Price; Base,Price; CD,Price; CD,Price; CD,918,1109,1249,1329,1460,918,1109,1249,1329,Rent; CD,Rent; CD,Rent; CD,Rent; CD
351,St Marys ST,ST,Western,403600,403600,403600,403600,403600,648000,468000,531000,441000,720000,520000,590000,490000,Income; Base,Income; Base,Income; Base,Income; Base,1083,1494,1564,1698,1790,1083,1494,1564,1698,Rent; CD,Rent; CD,Rent; CD,Rent; CD
352,St Thomas C,ST,Western,341500,341500,341500,341500,341500,522000,450000,477000,513000,580000,500000,530000,570000,Income; Base,Income; Base,Income; Base,Income; Base,959,1187,1600,1600,1600,959,1187,1606,2241,Rent; Base,Rent; Base,Income; Base,Income; Base
353,St-Charles M,ST,Northeastern,349200,261000,252000,324000,349200,414000,261000,252000,324000,460000,290000,280000,360000,Income; Base,Price; Region,Price; Region,Price; Region,879,1173,1430,1643,1660,879,1173,1430,1643,Rent; Region,Rent; Region,Rent; Region,Rent; Region
354,Stirling-Rawdon Tp,LT,Eastern,364700,364700,364700,364700,364700,522000,378000,459000,405000,580000,420000,510000,450000,Income; Base,Income; Base,Income; Base,Income; Base,1065,1340,1484,1790,1790,1065,1340,1484,1858,Rent; CD,Rent; CD,Rent; CD,Income; Base
355,Stone Mills Tp,LT,Eastern,403600,403600,403600,403600,403600,576000,450000,423000,405000,640000,500000,470000,450000,Income; Base,Income; Base,Income; Base,Income; Base,955,1206,1298,1930,1930,955,1206,1298,2142,Rent; CD,Rent; CD,Rent; CD,Income; Base
356,Stratford C,ST,Western,357000,357000,357000,357000,357000,666000,486000,504000,450000,740000,540000,560000,500000,Income; Base,Income; Base,Income; Base,Income; Base,1074,1508,1663,1750,1750,1074,1508,1663,1776,Rent; Base,Rent; Base,Rent; Base,Income; Base
357,Strathroy-Caradoc M,LT,Western,411300,411300,411300,411300,411300,639000,414000,513000,567000,710000,460000,570000,630000,Income; Base,Income; Base,Income; Base,Income; Base,973,1157,1492,1780,1780,973,1157,1492,1976,Rent; Base,Rent; Base,Rent; Base,Income; Base
358,Strong Tp,ST,Northeastern,341500,261000,341500,341500,341500,549000,261000,612000,675000,610000,290000,680000,750000,Income; Base,Price; Region,Income; Base,Income; Base,879,1173,1430,1530,1530,879,1173,1430,1643,Rent; Region,Rent; Region,Rent; Region,Income; CD
359,Sundridge V,ST,Northeastern,279400,261000,279400,279400,279400,414000,261000,612000,675000,460000,290000,680000,750000,Income; Base,Price; Region,Income; Base,Income; Base,879,1173,1430,1530,1530,879,1173,1430,1643,Rent; Region,Rent; Region,Rent; Region,Income; CD
360,Tarbutt Tp,ST,Northeastern,342000,207000,234000,306000,457900,342000,207000,234000,306000,380000,230000,260000,340000,Price; CD,Price; CD,Price; CD,Price; CD,918,1109,1249,1329,1460,918,1109,1249,1329,Rent; CD,Rent; CD,Rent; CD,Rent; CD
361,Tay Tp,LT,Central,380300,380300,380300,380300,380300,630000,639000,603000,567000,700000,710000,670000,630000,Income; Base,Income; Base,Income; Base,Income; Base,1003,1475,1651,1833,2170,1003,1475,1651,1833,Rent; CD,Rent; CD,Rent; CD,Rent; CD
362,Tay Valley Tp,LT,Eastern,399700,399700,399700,387000,399700,612000,459000,522000,387000,680000,510000,580000,430000,Income; Base,Income; Base,Income; Base,Price; CD,1281,1519,2020,2020,2020,1281,1519,2361,2142,Rent; Region,Rent; CD,Income; Base,Income; Base
363,Tecumseh T,LT,Western,488900,488900,488900,450000,488900,720000,513000,495000,450000,800000,570000,550000,500000,Income; Base,Income; Base,Income; Base,Price; Base,942,1374,1864,1744,1990,942,1374,1864,1744,Rent; CD,Rent; Base,Rent; Base,Rent; Region
364,Tehkummah Tp,ST,Northeastern,271600,261000,252000,271600,271600,396000,261000,252000,324000,440000,290000,280000,360000,Income; Base,Price; Region,Price; Region,Income; Base,879,1173,1430,1643,1760,879,1173,1430,1643,Rent; Region,Rent; Region,Rent; Region,Rent; Region
365,Temagami M,ST,Northeastern,285200,285200,285200,285200,285200,450000,333000,306000,333000,500000,370000,340000,370000,Income; Base,Income; Base,Income; Base,Income; Base,807,1051,1367,1570,1570,807,1051,1367,1682,Rent; CD,Rent; CD,Rent; CD,Income; CD
366,Temiskaming Shores C,ST,Northeastern,342000,261000,243000,324000,349200,342000,261000,243000,324000,380000,290000,270000,360000,Price; Base,Price; Region,Price; CD,Price; Region,879,1173,1360,1360,1360,879,1173,1430,1643,Rent; Region,Rent; Region,Income; Base,Income; Base
367,Terrace Bay Tp,ST,Northwestern,180000,243000,333000,306000,380300,180000,243000,333000,306000,200000,270000,370000,340000,Price; Base,Price; CD,Price; CD,Price; CD,976,1173,1495,1864,1940,976,1173,1495,1864,Rent; CD,Rent; CD,Rent; CD,Rent; CD
368,Thames Centre M,LT,Western,508300,441000,468000,508300,508300,846000,441000,468000,603000,940000,490000,520000,670000,Income; Base,Price; CD,Price; CD,Income; Base,1079,1381,1654,1976,2200,1079,1381,1654,1976,Rent; CD,Rent; CD,Rent; CD,Rent; CD
369,The Archipelago Tp,ST,Northeastern,368600,261000,368600,368600,368600,720000,261000,612000,675000,800000,290000,680000,750000,Income; Base,Price; Region,Income; Base,Income; Base,879,1173,1430,1530,1530,879,1173,1430,1643,Rent; Region,Rent; Region,Rent; Region,Income; CD
370,The Blue Mountains T,LT,Western,488900,488900,488900,488900,488900,1503000,1098000,765000,585000,1670000,1220000,850000,650000,Income; Base,Income; Base,Income; Base,Income; Base,929,1101,1243,1350,2140,929,1101,1243,1350,Rent; CD,Rent; CD,Rent; CD,Rent; CD
371,The Nation M,LT,Eastern,465600,441000,441000,369000,465600,504000,441000,441000,369000,560000,490000,490000,410000,Income; Base,Price; Base,Price; Base,Price; Base,590,948,1463,2142,2150,590,948,1463,2142,Rent; CD,Rent; CD,Rent; CD,Rent; Region
372,The North Shore Tp,ST,Northeastern,342000,207000,234000,306000,380300,342000,207000,234000,306000,380000,230000,260000,340000,Price; CD,Price; CD,Price; CD,Price; CD,918,1109,1249,1329,1460,918,1109,1249,1329,Rent; CD,Rent; CD,Rent; CD,Rent; CD
373,The South Bruce Peninsula T,LT,Western,325900,325900,325900,325900,325900,621000,459000,531000,549000,690000,510000,590000,610000,Income; Base,Income; Base,Income; Base,Income; Base,1082,1254,1410,1410,1410,1082,1254,1783,1828,Rent; Region,Rent; CD,Income; Base,Income; Base
374,Thessalon T,ST,Northeastern,296800,207000,234000,296800,296800,342000,207000,234000,306000,380000,230000,260000,340000,Income; Base,Price; CD,Price; CD,Income; Base,918,1109,1249,1329,1330,918,1109,1249,1329,Rent; CD,Rent; CD,Rent; CD,Rent; CD
375,Thornloe V,ST,Northeastern,297000,261000,243000,324000,341500,297000,261000,243000,324000,330000,290000,270000,360000,Price; CD,Price; Region,Price; CD,Price; Region,879,1173,1380,1380,1380,879,1173,1430,1643,Rent; Region,Rent; Region,Income; CD,Income; CD
376,Thorold C,LT,Central,384200,384200,384200,384200,384200,657000,522000,594000,486000,730000,580000,660000,540000,Income; Base,Income; Base,Income; Base,Income; Base,1183,1171,1442,1643,1960,1183,1171,1442,1643,Rent; CD,Rent; Base,Rent; Base,Rent; CD
377,Thunder Bay C,ST,Northwestern,351000,243000,324000,306000,360900,351000,243000,324000,306000,390000,270000,360000,340000,Price; Base,Price; Base,Price; Base,Price; Base,976,1173,1495,1680,1680,976,1173,1495,1864,Rent; Base,Rent; Base,Rent; Base,Income; Base
378,Tillsonburg T,LT,Western,337600,337600,337600,337600,337600,612000,495000,477000,576000,680000,550000,530000,640000,Income; Base,Income; Base,Income; Base,Income; Base,1184,1195,1308,1660,1660,1184,1195,1308,1926,Rent; Base,Rent; Base,Rent; Base,Income; Base
379,Timmins C,ST,Northeastern,297000,198000,216000,324000,391900,297000,198000,216000,324000,330000,220000,240000,360000,Price; Base,Price; Base,Price; Base,Price; Base,859,1185,1299,1410,1660,859,1185,1299,1410,Rent; Base,Rent; Base,Rent; Base,Rent; Base
380,Tiny Tp,LT,Central,403600,403600,403600,403600,403600,873000,639000,630000,567000,970000,710000,700000,630000,Income; Base,Income; Base,Income; Base,Income; Base,1003,1475,1651,1833,2110,1003,1475,1651,1833,Rent; CD,Rent; CD,Rent; CD,Rent; CD
381,Toronto C,ST,Central,395800,395800,395800,395800,395800,1620000,1215000,918000,675000,1800000,1350000,1020000,750000,Income; Base,Income; Base,Income; Base,Income; Base,1499,1763,2055,2290,2290,1499,1763,2055,2361,Rent; Base,Rent; Base,Rent; Base,Income; Base
382,Trent Hills M,LT,Eastern,341500,341500,341500,341500,341500,594000,531000,387000,558000,660000,590000,430000,620000,Income; Base,Income; Base,Income; Base,Income; Base,1148,1465,1582,1590,1590,1148,1465,1582,1895,Rent; CD,Rent; CD,Rent; CD,Income; Base
383,Trent Lakes M,LT,Eastern,384200,384200,384200,384200,384200,855000,486000,531000,558000,950000,540000,590000,620000,Income; Base,Income; Base,Income; Base,Income; Base,990,1245,1518,1730,2350,990,1245,1518,1730,Rent; CD,Rent; CD,Rent; CD,Rent; CD
384,Tudor and Cashel Tp,LT,Eastern,258000,258000,258000,258000,258000,540000,378000,459000,405000,600000,420000,510000,450000,Income; Base,Income; Base,Income; Base,Income; Base,1065,1340,1484,1710,1710,1065,1340,1484,1858,Rent; CD,Rent; CD,Rent; CD,Income; CD
385,Tweed M,LT,Eastern,314300,314300,314300,314300,314300,486000,378000,459000,405000,540000,420000,510000,450000,Income; Base,Income; Base,Income; Base,Income; Base,1065,1340,1484,1500,1500,1065,1340,1484,1858,Rent; CD,Rent; CD,Rent; CD,Income; Base
386,Tyendinaga Tp,LT,Eastern,442400,378000,442400,405000,442400,603000,378000,459000,405000,670000,420000,510000,450000,Income; Base,Price; CD,Income; Base,Price; CD,1065,1340,1484,1770,1770,1065,1340,1484,1858,Rent; CD,Rent; CD,Rent; CD,Income; Base
387,Uxbridge Tp,LT,Central,558800,558800,558800,558800,558800,1278000,711000,999000,1008000,1420000,790000,1110000,1120000,Income; Base,Income; Base,Income; Base,Income; Base,1330,1573,1748,1909,2030,1330,1573,1748,1909,Rent; CD,Rent; CD,Rent; CD,Rent; CD
388,Val Rita-Harty Tp,ST,Northeastern,279000,198000,207000,315000,430700,279000,198000,207000,315000,310000,220000,230000,350000,Price; CD,Price; CD,Price; CD,Price; CD,859,1185,1299,1410,1620,859,1185,1299,1410,Rent; CD,Rent; CD,Rent; CD,Rent; CD
389,Vaughan C,LT,Central,574300,574300,574300,574300,574300,1584000,1035000,981000,612000,1760000,1150000,1090000,680000,Income; Base,Income; Base,Income; Base,Income; Base,1297,1783,2024,2600,2600,1297,1783,2024,2658,Rent; CD,Rent; CD,Rent; CD,Income; Base
390,Wainfleet Tp,LT,Central,434600,434600,434600,434600,434600,819000,531000,612000,486000,910000,590000,680000,540000,Income; Base,Income; Base,Income; Base,Income; Base,1183,1313,1527,1643,1930,1183,1313,1527,1643,Rent; CD,Rent; CD,Rent; CD,Rent; CD
391,Warwick Tp,LT,Western,395800,360000,342000,395800,395800,486000,360000,342000,405000,540000,400000,380000,450000,Income; Base,Price; CD,Price; CD,Income; Base,988,1249,1522,1712,2140,988,1249,1522,1712,Rent; CD,Rent; CD,Rent; CD,Rent; CD
392,Wasaga Beach T,LT,Central,345300,345300,345300,345300,345300,720000,567000,540000,396000,800000,630000,600000,440000,Income; Base,Income; Base,Income; Base,Income; Base,1003,1475,1651,1833,2060,1003,1475,1651,1833,Rent; CD,Rent; CD,Rent; CD,Rent; CD
393,Waterloo C,LT,Western,442400,442400,442400,442400,442400,972000,603000,612000,468000,1080000,670000,680000,520000,Income; Base,Income; Base,Income; Base,Income; Base,1375,1771,1917,1991,2140,1375,1771,1917,1991,Rent; Base,Rent; Base,Rent; Base,Rent; Base
394,Wawa M,ST,Northeastern,342000,207000,234000,306000,380300,342000,207000,234000,306000,380000,230000,260000,340000,Price; CD,Price; CD,Price; CD,Price; CD,918,1109,1249,1329,1500,918,1109,1249,1329,Rent; CD,Rent; CD,Rent; CD,Rent; CD
395,Welland C,LT,Central,329800,329800,329800,329800,329800,576000,486000,540000,477000,640000,540000,600000,530000,Income; Base,Income; Base,Income; Base,Income; Base,1212,1190,1493,1600,1600,1212,1190,1493,1643,Rent; Base,Rent; Base,Rent; Base,Income; Base
396,Wellesley Tp,LT,Western,558800,558800,558800,459000,558800,1008000,603000,594000,459000,1120000,670000,660000,510000,Income; Base,Income; Base,Income; Base,Price; CD,1261,1545,1832,1980,2540,1261,1545,1832,1980,Rent; CD,Rent; CD,Rent; CD,Rent; CD
397,Wellington North Tp,LT,Western,360900,360900,360900,360900,360900,675000,459000,531000,468000,750000,510000,590000,520000,Income; Base,Income; Base,Income; Base,Income; Base,1317,1602,1680,1680,1680,1317,1602,1781,2045,Rent; CD,Rent; CD,Income; Base,Income; Base
398,West Elgin M,LT,Western,353100,353100,353100,353100,353100,477000,450000,513000,513000,530000,500000,570000,570000,Income; Base,Income; Base,Income; Base,Income; Base,959,1187,1599,1760,1760,959,1187,1599,2241,Rent; CD,Rent; CD,Rent; CD,Income; Base
399,West Grey M,LT,Western,360900,360900,360900,360900,360900,711000,621000,513000,621000,790000,690000,570000,690000,Income; Base,Income; Base,Income; Base,Income; Base,929,1101,1055,1350,1530,929,1101,1055,1350,Rent; CD,Rent; CD,Rent; Base,Rent; CD
400,West Lincoln Tp,LT,Central,477300,477300,477300,477300,477300,864000,594000,567000,639000,960000,660000,630000,710000,Income; Base,Income; Base,Income; Base,Income; Base,1183,1313,1527,1643,2420,1183,1313,1527,1643,Rent; CD,Rent; CD,Rent; CD,Rent; CD
401,West Nipissing M,ST,Northeastern,325900,325900,306000,325900,325900,396000,333000,306000,333000,440000,370000,340000,370000,Income; Base,Income; Base,Price; CD,Income; Base,807,1051,1367,1380,1380,807,1051,1367,1682,Rent; CD,Rent; CD,Rent; CD,Income; Base
402,West Perth M,LT,Western,411300,411300,411300,411300,411300,603000,495000,513000,441000,670000,550000,570000,490000,Income; Base,Income; Base,Income; Base,Income; Base,1083,1494,1564,1698,2150,1083,1494,1564,1698,Rent; CD,Rent; CD,Rent; CD,Rent; CD
403,Westport V,LT,Eastern,296800,296800,296800,296800,296800,459000,387000,387000,405000,510000,430000,430000,450000,Income; Base,Income; Base,Income; Base,Income; Base,976,1175,1322,1247,1460,976,1175,1322,1247,Rent; CD,Rent; CD,Rent; CD,Rent; CD
404,Whitby T,LT,Central,558800,558800,558800,558800,558800,1026000,765000,729000,585000,1140000,850000,810000,650000,Income; Base,Income; Base,Income; Base,Income; Base,1394,1525,1673,1761,2260,1394,1525,1673,1761,Rent; Base,Rent; Base,Rent; Base,Rent; Base
405,Whitchurch - Stouffville T,LT,Central,554900,554900,554900,554900,554900,1449000,927000,864000,855000,1610000,1030000,960000,950000,Income; Base,Income; Base,Income; Base,Income; Base,1297,1783,2024,2658,2660,1297,1783,2024,2658,Rent; CD,Rent; CD,Rent; CD,Rent; CD
406,White River Tp,ST,Northeastern,342000,207000,234000,306000,415200,342000,207000,234000,306000,380000,230000,260000,340000,Price; CD,Price; CD,Price; CD,Price; CD,918,1109,1249,1329,1460,918,1109,1249,1329,Rent; CD,Rent; CD,Rent; CD,Rent; CD
407,Whitestone M,ST,Northeastern,294900,261000,294900,294900,294900,765000,261000,612000,675000,850000,290000,680000,750000,Income; Base,Price; Region,Income; Base,Income; Base,879,1173,1430,1530,1530,879,1173,1430,1643,Rent; Region,Rent; Region,Rent; Region,Income; CD
408,Whitewater Region Tp,LT,Eastern,388000,369000,387000,279000,388000,432000,369000,387000,279000,480000,410000,430000,310000,Income; Base,Price; CD,Price; CD,Price; CD,1281,1140,1312,1592,1640,1281,1140,1312,1592,Rent; Region,Rent; CD,Rent; CD,Rent; CD
409,Wilmot Tp,LT,Western,512200,512200,512200,512200,512200,1008000,585000,666000,837000,1120000,650000,740000,930000,Income; Base,Income; Base,Income; Base,Income; Base,1261,1155,1208,1439,2120,1261,1155,1208,1439,Rent; CD,Rent; Base,Rent; Base,Rent; Base
410,Windsor C,ST,Western,325900,325900,325900,325900,325900,468000,459000,450000,333000,520000,510000,500000,370000,Income; Base,Income; Base,Income; Base,Income; Base,940,1186,1363,1660,1660,940,1186,1363,1744,Rent; Base,Rent; Base,Rent; Base,Income; Base
411,Wollaston Tp,LT,Eastern,252200,252200,252200,252200,252200,504000,378000,459000,405000,560000,420000,510000,450000,Income; Base,Income; Base,Income; Base,Income; Base,1065,1340,1484,1710,1710,1065,1340,1484,1858,Rent; CD,Rent; CD,Rent; CD,Income; CD
412,Woodstock C,LT,Western,376400,376400,376400,376400,376400,639000,477000,468000,441000,710000,530000,520000,490000,Income; Base,Income; Base,Income; Base,Income; Base,1026,1409,1679,1940,1940,1026,1409,1679,2036,Rent; CD,Rent; Base,Rent; Base,Income; Base
413,Woolwich Tp,LT,Western,523800,523800,523800,459000,523800,981000,666000,621000,459000,1090000,740000,690000,510000,Income; Base,Income; Base,Income; Base,Price; CD,1261,1438,1597,1980,2270,1261,1438,1597,1980,Rent; CD,Rent; Base,Rent; Base,Rent; CD
414,Zorra Tp,LT,Western,477300,477300,477300,477300,477300,756000,495000,504000,576000,840000,550000,560000,640000,Income; Base,Income; Base,Income; Base,Income; Base,1026,1350,1572,1926,2420,1026,1350,1572,1926,Rent; CD,Rent; CD,Rent; CD,Rent; CD
