_id,Municipality,Tier,Region,Affordable purchase price of a detached house ($),Affordable purchase price of a semi-detached house ($),Affordable purchase price of a row/townhouse ($),Affordable purchase price of a condominium apartment ($),Purchase price based on income ($),Ninety per cent of average purchase price - detached ($),Ninety per cent of average purchase price - semi-detached ($),Ninety per cent of average purchase price - row/townhouse ($),Ninety per cent of average purchase price - condo apt ($),Average purchase price of a detached house ($),Average purchase price of a semi-detached house ($),Average purchase price of a row/townhouse ($),Average purchase price of a condominium apartment ($),Threshold applied for a detached house; and substitution ($),Threshold applied for a semi-detached; and substitution ($),Threshold applied for a row/townhouse; and substitution ($),Threshold applied for a condo apartment; and substitution ($),Affordable monthly rent of a bachelor unit ($),Affordable monthly rent of a 1-bedroom unit ($),Affordable monthly rent of a 2-bedroom unit ($),Affordable monthly rent of a 3+ bedroom unit ($),Rent based on income ($),Average market rent of a bachelor unit ($),Average market rent of a 1-bedroom unit ($),Average market rent of a 2-bedroom unit ($),Average market rent of a 3+ bedroom unit ($),Threshold applied for a bachelor unit; and substitution ($),Threshold applied for a 1-bedroom unit; and substitution ($),Threshold applied for a 2-bedroom unit; and substitution ($),Threshold applied for a 3+ bedroom unit; and substitution ($)
1,Addington Highlands Tp,LT,Eastern,"260,000","260,000","260,000","260,000","260,000","441,000","450,000","423,000","405,000","490,000","500,000","470,000","450,000",Income; Base,Income; Base,Income; Base,Income; Base,955,"1,206","1,298","1,580","1,580",955,"1,206","1,298","2,142",Rent; CD,Rent; CD,Rent; CD,Income; Base
2,Adelaide-Metcalfe Tp,LT,Western,"481,200","441,000","468,000","423,000","481,200","747,000","441,000","468,000","423,000","830,000","490,000","520,000","470,000",Income; Base,Price; CD,Price; CD,Price; CD,"1,079","1,381","1,654","1,976","2,570","1,079","1,381","1,654","1,976",Rent; CD,Rent; CD,Rent; CD,Rent; CD
3,Adjala-Tosorontio Tp,LT,Central,"539,400","539,400","539,400","539,400","539,400","1,071,000","639,000","630,000","1,179,000","1,190,000","710,000","700,000","1,310,000",Income; Base,Income; Base,Income; Base,Income; Base,"1,003","1,475","1,651","1,833","2,140","1,003","1,475","1,651","1,833",Rent; CD,Rent; CD,Rent; CD,Rent; CD
4,Admaston-Bromley Tp,LT,Eastern,"407,400","369,000","387,000","279,000","407,400","468,000","369,000","387,000","279,000","520,000","410,000","430,000","310,000",Income; Base,Price; CD,Price; CD,Price; CD,"1,281","1,140","1,312","1,592","2,170","1,281","1,140","1,312","1,592",Rent; Region,Rent; CD,Rent; CD,Rent; CD
5,Ajax T,LT,Central,"535,500","535,500","535,500","504,000","535,500","981,000","783,000","720,000","504,000","1,090,000","870,000","800,000","560,000",Income; Base,Income; Base,Income; Base,Price; Base,"1,330","1,216","1,727","1,870","2,540","1,330","1,216","1,727","1,870",Rent; CD,Rent; Base,Rent; Base,Rent; Base
6,Alberton Tp,ST,Northwestern,"270,000","243,000","324,000","306,000","419,100","270,000","243,000","324,000","306,000","300,000","270,000","360,000","340,000",Price; CD,Price; Region,Price; Region,Price; Region,950,"1,163","1,479","1,660","1,660",950,"1,163","1,479","1,851",Rent; Region,Rent; Region,Rent; Region,Income; CD
7,Alfred and Plantagenet Tp,LT,Eastern,"384,200","378,000","384,200","351,000","384,200","486,000","378,000","414,000","351,000","540,000","420,000","460,000","390,000",Income; Base,Price; Base,Income; Base,Price; CD,590,948,"1,463","1,940","1,940",590,948,"1,463","2,142",Rent; CD,Rent; CD,Rent; CD,Income; Base
8,Algonquin Highlands Tp,LT,Eastern,"384,200","384,200","384,200","384,200","384,200","846,000","414,000","477,000","504,000","940,000","460,000","530,000","560,000",Income; Base,Income; Base,Income; Base,Income; Base,"1,281","1,350","1,350","1,350","1,350","1,281","1,533","1,762","2,142",Rent; Region,Income; Base,Income; Base,Income; Base
9,Alnwick-Haldimand Tp,LT,Eastern,"473,400","473,400","473,400","473,400","473,400","837,000","531,000","522,000","702,000","930,000","590,000","580,000","780,000",Income; Base,Income; Base,Income; Base,Income; Base,"1,148","1,465","1,582","1,895","2,450","1,148","1,465","1,582","1,895",Rent; CD,Rent; CD,Rent; CD,Rent; CD
10,Amaranth Tp,LT,Western,"562,600","562,600","562,600","558,000","562,600","1,170,000","594,000","639,000","558,000","1,300,000","660,000","710,000","620,000",Income; Base,Income; Base,Income; Base,Price; CD,"1,350","1,463","1,714","1,714","2,720","1,350","1,463","1,714","1,714",Rent; CD,Rent; CD,Rent; CD,Rent; CD
11,Amherstburg T,LT,Western,"450,100","450,100","450,100","378,000","450,100","657,000","558,000","459,000","378,000","730,000","620,000","510,000","420,000",Income; Base,Income; Base,Income; Base,Price; Base,942,"1,626","1,680","1,680","1,680",942,"1,626","2,213","1,744",Rent; CD,Rent; Base,Income; Base,Income; Base
12,Armour Tp,ST,Northeastern,"318,200","261,000","318,200","318,200","318,200","657,000","261,000","612,000","675,000","730,000","290,000","680,000","750,000",Income; Base,Price; Region,Income; Base,Income; Base,879,"1,173","1,430","1,530","1,530",879,"1,173","1,430","1,643",Rent; Region,Rent; Region,Rent; Region,Income; CD
13,Armstrong Tp,ST,Northeastern,"297,000","261,000","243,000","324,000","333,700","297,000","261,000","243,000","324,000","330,000","290,000","270,000","360,000",Price; CD,Price; Region,Price; CD,Price; Region,879,"1,173","1,430","1,620","1,620",879,"1,173","1,430","1,643",Rent; Region,Rent; Region,Rent; Region,Income; Base
14,Arnprior T,LT,Eastern,"345,300","345,300","345,300","288,000","345,300","558,000","468,000","450,000","288,000","620,000","520,000","500,000","320,000",Income; Base,Income; Base,Income; Base,Price; Base,"1,281","1,302","1,679","1,592","1,720","1,281","1,302","1,679","1,592",Rent; Region,Rent; Base,Rent; Base,Rent; CD
15,Arran-Elderslie M,LT,Western,"368,600","368,600","368,600","368,600","368,600","522,000","459,000","531,000","549,000","580,000","510,000","590,000","610,000",Income; Base,Income; Base,Income; Base,Income; Base,"1,082","1,254","1,570","1,570","1,570","1,082","1,254","1,783","1,828",Rent; Region,Rent; CD,Income; Base,Income; Base
16,Ashfield-Colborne-Wawanosh Tp,LT,Western,"372,500","372,500","372,500","372,500","372,500","657,000","450,000","459,000","495,000","730,000","500,000","510,000","550,000",Income; Base,Income; Base,Income; Base,Income; Base,"1,082","1,205","1,804","1,744","1,990","1,082","1,205","1,804","1,744",Rent; Region,Rent; CD,Rent; CD,Rent; Region
17,Asphodel-Norwood Tp,LT,Eastern,"368,600","368,600","368,600","368,600","368,600","576,000","486,000","531,000","558,000","640,000","540,000","590,000","620,000",Income; Base,Income; Base,Income; Base,Income; Base,990,"1,245","1,518","1,730","1,890",990,"1,245","1,518","1,730",Rent; CD,Rent; CD,Rent; CD,Rent; CD
18,Assiginack Tp,ST,Northeastern,"391,900","261,000","252,000","324,000","391,900","396,000","261,000","252,000","324,000","440,000","290,000","280,000","360,000",Income; Base,Price; Region,Price; Region,Price; Region,879,"1,173","1,430","1,643","1,760",879,"1,173","1,430","1,643",Rent; Region,Rent; Region,Rent; Region,Rent; Region
19,Athens Tp,LT,Eastern,"376,400","376,400","376,400","376,400","376,400","432,000","387,000","387,000","405,000","480,000","430,000","430,000","450,000",Income; Base,Income; Base,Income; Base,Income; Base,976,"1,175","1,322","1,247","1,850",976,"1,175","1,322","1,247",Rent; CD,Rent; CD,Rent; CD,Rent; CD
20,Atikokan Tp,ST,Northwestern,"162,000","243,000","324,000","306,000","325,900","162,000","243,000","324,000","306,000","180,000","270,000","360,000","340,000",Price; Base,Price; Region,Price; Region,Price; Region,950,"1,110","1,110","1,110","1,110",950,"1,163","1,479","1,851",Rent; Region,Income; Base,Income; Base,Income; Base
21,Augusta Tp,LT,Eastern,"426,800","387,000","387,000","405,000","426,800","495,000","387,000","387,000","405,000","550,000","430,000","430,000","450,000",Income; Base,Price; CD,Price; CD,Price; CD,976,"1,175","1,322","1,247","2,240",976,"1,175","1,322","1,247",Rent; CD,Rent; CD,Rent; CD,Rent; CD
22,Aurora T,LT,Central,"547,100","547,100","547,100","547,100","547,100","1,521,000","927,000","900,000","675,000","1,690,000","1,030,000","1,000,000","750,000",Income; Base,Income; Base,Income; Base,Income; Base,"1,297","1,853","2,187","2,600","2,600","1,297","1,853","2,187","2,960",Rent; CD,Rent; Base,Rent; Base,Income; Base
23,Aylmer T,LT,Western,"329,800","329,800","329,800","329,800","329,800","531,000","450,000","513,000","513,000","590,000","500,000","570,000","570,000",Income; Base,Income; Base,Income; Base,Income; Base,959,"1,187","1,580","1,580","1,580",959,"1,187","1,599","2,241",Rent; CD,Rent; CD,Income; Base,Income; Base
24,Baldwin Tp,ST,Northeastern,"384,200","261,000","252,000","324,000","384,200","387,000","261,000","252,000","324,000","430,000","290,000","280,000","360,000",Income; Base,Price; Region,Price; Region,Price; Region,879,"1,173","1,430","1,620","1,620",879,"1,173","1,430","1,643",Rent; Region,Rent; Region,Rent; Region,Income; CD
25,Bancroft T,LT,Eastern,"277,400","277,400","277,400","277,400","277,400","495,000","378,000","459,000","405,000","550,000","420,000","510,000","450,000",Income; Base,Income; Base,Income; Base,Income; Base,"1,065","1,230","1,230","1,230","1,230","1,065","1,340","1,484","1,858",Rent; CD,Income; Base,Income; Base,Income; Base
26,Barrie C,ST,Central,"423,000","423,000","423,000","423,000","423,000","783,000","585,000","558,000","513,000","870,000","650,000","620,000","570,000",Income; Base,Income; Base,Income; Base,Income; Base,"1,111","1,586","1,755","1,987","2,210","1,111","1,586","1,755","1,987",Rent; Base,Rent; Base,Rent; Base,Rent; Base
27,Bayham M,LT,Western,"384,200","384,200","384,200","384,200","384,200","648,000","450,000","513,000","513,000","720,000","500,000","570,000","570,000",Income; Base,Income; Base,Income; Base,Income; Base,959,"1,187","1,599","1,940","1,940",959,"1,187","1,599","2,241",Rent; CD,Rent; CD,Rent; CD,Income; Base
28,Beckwith Tp,LT,Eastern,"554,900","459,000","540,000","387,000","554,900","720,000","459,000","540,000","387,000","800,000","510,000","600,000","430,000",Income; Base,Price; CD,Price; Base,Price; CD,"1,281","1,519","2,361","2,142","2,660","1,281","1,519","2,361","2,142",Rent; Region,Rent; CD,Rent; CD,Rent; Region
29,Belleville C,ST,Eastern,"341,500","341,500","341,500","341,500","341,500","522,000","396,000","459,000","369,000","580,000","440,000","510,000","410,000",Income; Base,Income; Base,Income; Base,Income; Base,"1,081","1,328","1,513","1,680","1,680","1,081","1,328","1,513","1,877",Rent; Base,Rent; Base,Rent; Base,Income; Base
30,Billings Tp,ST,Northeastern,"364,700","261,000","252,000","324,000","364,700","396,000","261,000","252,000","324,000","440,000","290,000","280,000","360,000",Income; Base,Price; Region,Price; Region,Price; Region,879,"1,173","1,430","1,643","1,760",879,"1,173","1,430","1,643",Rent; Region,Rent; Region,Rent; Region,Rent; Region
31,Black River - Matheson Tp,ST,Northeastern,"279,000","198,000","207,000","315,000","376,400","279,000","198,000","207,000","315,000","310,000","220,000","230,000","350,000",Price; CD,Price; CD,Price; CD,Price; CD,859,"1,185","1,299","1,410","1,750",859,"1,185","1,299","1,410",Rent; CD,Rent; CD,Rent; CD,Rent; CD
32,Blandford - Blenheim Tp,LT,Western,"488,900","488,900","477,000","488,900","488,900","837,000","495,000","477,000","576,000","930,000","550,000","530,000","640,000",Income; Base,Income; Base,Price; CD,Income; Base,"1,026","1,350","1,572","1,926","2,180","1,026","1,350","1,572","1,926",Rent; CD,Rent; CD,Rent; CD,Rent; CD
33,Blind River T,ST,Northeastern,"298,800","207,000","234,000","298,800","298,800","324,000","207,000","234,000","306,000","360,000","230,000","260,000","340,000",Income; Base,Price; CD,Price; CD,Income; Base,918,"1,109","1,249","1,280","1,280",918,"1,109","1,249","1,329",Rent; CD,Rent; CD,Rent; CD,Income; Base
34,Bluewater M,LT,Western,"399,700","399,700","399,700","399,700","399,700","720,000","450,000","459,000","495,000","800,000","500,000","510,000","550,000",Income; Base,Income; Base,Income; Base,Income; Base,"1,082","1,205","1,750","1,744","1,750","1,082","1,205","1,804","1,744",Rent; Region,Rent; CD,Income; Base,Rent; Region
35,Bonfield Tp,ST,Northeastern,"372,500","333,000","306,000","333,000","372,500","423,000","333,000","306,000","333,000","470,000","370,000","340,000","370,000",Income; Base,Price; CD,Price; CD,Price; CD,807,"1,051","1,367","1,682","2,200",807,"1,051","1,367","1,682",Rent; CD,Rent; CD,Rent; CD,Rent; CD
36,Bonnechere Valley Tp,LT,Eastern,"322,100","322,100","322,100","279,000","322,100","396,000","369,000","387,000","279,000","440,000","410,000","430,000","310,000",Income; Base,Income; Base,Income; Base,Price; CD,"1,281","1,140","1,312","1,360","1,360","1,281","1,140","1,312","1,592",Rent; Region,Rent; CD,Rent; CD,Income; Base
37,Bracebridge T,LT,Central,"388,000","388,000","388,000","388,000","388,000","765,000","522,000","549,000","522,000","850,000","580,000","610,000","580,000",Income; Base,Income; Base,Income; Base,Income; Base,"1,012","1,165","1,513","1,584","1,770","1,012","1,165","1,513","1,584",Rent; CD,Rent; Base,Rent; Base,Rent; Base
38,Bradford West Gwillimbury T,LT,Central,"512,200","512,200","512,200","450,000","512,200","1,053,000","783,000","747,000","450,000","1,170,000","870,000","830,000","500,000",Income; Base,Income; Base,Income; Base,Price; Base,"1,003","1,475","1,651","1,833","2,720","1,003","1,475","1,651","1,833",Rent; CD,Rent; CD,Rent; CD,Rent; CD
39,Brampton C,LT,Central,"500,600","500,600","500,600","500,600","500,600","1,134,000","846,000","720,000","522,000","1,260,000","940,000","800,000","580,000",Income; Base,Income; Base,Income; Base,Income; Base,"1,430","1,778","2,032","2,132","2,570","1,430","1,778","2,032","2,132",Rent; Base,Rent; Base,Rent; Base,Rent; Base
40,Brant County,ST,Western,"488,900","488,900","488,900","488,900","488,900","927,000","549,000","612,000","774,000","1,030,000","610,000","680,000","860,000",Income; Base,Income; Base,Income; Base,Income; Base,"1,204","1,448","1,619","1,680","2,150","1,204","1,448","1,619","1,680",Rent; CD,Rent; CD,Rent; CD,Rent; CD
41,Brantford C,ST,Western,"368,600","368,600","368,600","368,600","368,600","630,000","504,000","522,000","414,000","700,000","560,000","580,000","460,000",Income; Base,Income; Base,Income; Base,Income; Base,"1,204","1,448","1,619","1,680","1,820","1,204","1,448","1,619","1,680",Rent; Base,Rent; Base,Rent; Base,Rent; Base
42,Brethour Tp,ST,Northeastern,"297,000","261,000","243,000","324,000","341,500","297,000","261,000","243,000","324,000","330,000","290,000","270,000","360,000",Price; CD,Price; Region,Price; CD,Price; Region,879,"1,173","1,380","1,380","1,380",879,"1,173","1,430","1,643",Rent; Region,Rent; Region,Income; CD,Income; CD
43,Brighton M,LT,Eastern,"368,600","368,600","368,600","368,600","368,600","639,000","531,000","522,000","558,000","710,000","590,000","580,000","620,000",Income; Base,Income; Base,Income; Base,Income; Base,"1,148","1,465","1,403","1,870","1,870","1,148","1,465","1,403","1,895",Rent; CD,Rent; CD,Rent; Base,Income; Base
44,Brock Tp,LT,Central,"415,200","415,200","415,200","415,200","415,200","747,000","711,000","477,000","720,000","830,000","790,000","530,000","800,000",Income; Base,Income; Base,Income; Base,Income; Base,"1,330","1,030","1,296","1,909","2,170","1,330","1,030","1,296","1,909",Rent; CD,Rent; Base,Rent; Base,Rent; CD
45,Brockton M,LT,Western,"395,800","395,800","395,800","395,800","395,800","603,000","459,000","549,000","504,000","670,000","510,000","610,000","560,000",Income; Base,Income; Base,Income; Base,Income; Base,"1,082","1,254","1,600","1,600","1,600","1,082","1,254","1,783","1,828",Rent; Region,Rent; CD,Income; Base,Income; Base
46,Brockville C,ST,Eastern,"296,800","296,800","296,800","296,800","296,800","441,000","351,000","351,000","369,000","490,000","390,000","390,000","410,000",Income; Base,Income; Base,Income; Base,Income; Base,976,"1,087","1,313","1,247","1,540",976,"1,087","1,313","1,247",Rent; Base,Rent; Base,Rent; Base,Rent; Base
47,Brooke-Alvinston M,LT,Western,"368,600","360,000","342,000","368,600","368,600","567,000","360,000","342,000","405,000","630,000","400,000","380,000","450,000",Income; Base,Price; CD,Price; CD,Income; Base,988,"1,249","1,522","1,690","1,690",988,"1,249","1,522","1,712",Rent; CD,Rent; CD,Rent; CD,Income; Base
48,Bruce Mines T,ST,Northeastern,"300,700","207,000","234,000","300,700","300,700","342,000","207,000","234,000","306,000","380,000","230,000","260,000","340,000",Income; Base,Price; CD,Price; CD,Income; Base,918,"1,109","1,249","1,329","1,460",918,"1,109","1,249","1,329",Rent; CD,Rent; CD,Rent; CD,Rent; CD
49,"Brudenell, Lyndoch and Raglan Tp",LT,Eastern,"256,100","256,100","256,100","256,100","256,100","405,000","369,000","387,000","279,000","450,000","410,000","430,000","310,000",Income; Base,Income; Base,Income; Base,Income; Base,"1,281","1,140","1,312","1,592","1,930","1,281","1,140","1,312","1,592",Rent; Region,Rent; CD,Rent; CD,Rent; CD
50,Burk's Falls V,ST,Northeastern,"289,100","261,000","289,100","289,100","289,100","720,000","261,000","612,000","675,000","800,000","290,000","680,000","750,000",Income; Base,Price; Region,Income; Base,Income; Base,879,"1,173","1,400","1,400","1,400",879,"1,173","1,430","1,643",Rent; Region,Rent; Region,Income; Base,Income; Base
51,Burlington C,LT,Central,"512,200","512,200","512,200","512,200","512,200","1,341,000","873,000","783,000","621,000","1,490,000","970,000","870,000","690,000",Income; Base,Income; Base,Income; Base,Income; Base,"1,568","1,749","2,057","2,380","2,380","1,568","1,749","2,057","2,411",Rent; Base,Rent; Base,Rent; Base,Income; Base
52,Burpee and Mills Tp,ST,Northeastern,"306,500","261,000","252,000","306,500","306,500","396,000","261,000","252,000","324,000","440,000","290,000","280,000","360,000",Income; Base,Price; Region,Price; Region,Income; Base,879,"1,173","1,430","1,643","1,760",879,"1,173","1,430","1,643",Rent; Region,Rent; Region,Rent; Region,Rent; Region
53,Caledon T,LT,Central,"601,400","601,400","601,400","601,400","601,400","1,449,000","882,000","846,000","801,000","1,610,000","980,000","940,000","890,000",Income; Base,Income; Base,Income; Base,Income; Base,"1,303","1,754","2,013","2,115","2,810","1,303","1,754","2,013","2,115",Rent; CD,Rent; CD,Rent; CD,Rent; CD
54,Callander M,ST,Northeastern,"465,600","261,000","465,600","465,600","465,600","558,000","261,000","612,000","675,000","620,000","290,000","680,000","750,000",Income; Base,Price; Region,Income; Base,Income; Base,879,"1,173","1,430","1,643","1,940",879,"1,173","1,430","1,643",Rent; Region,Rent; Region,Rent; Region,Rent; Region
55,Calvin Tp,ST,Northeastern,"322,100","322,100","306,000","322,100","322,100","450,000","333,000","306,000","333,000","500,000","370,000","340,000","370,000",Income; Base,Income; Base,Price; CD,Income; Base,807,"1,051","1,367","1,570","1,570",807,"1,051","1,367","1,682",Rent; CD,Rent; CD,Rent; CD,Income; CD
56,Cambridge C,LT,Western,"423,000","423,000","423,000","423,000","423,000","801,000","567,000","603,000","477,000","890,000","630,000","670,000","530,000",Income; Base,Income; Base,Income; Base,Income; Base,"1,261","1,701","1,978","1,980","2,060","1,261","1,701","1,978","1,980",Rent; CD,Rent; Base,Rent; Base,Rent; CD
57,Carleton Place T,LT,Eastern,"403,600","403,600","403,600","333,000","403,600","612,000","441,000","459,000","333,000","680,000","490,000","510,000","370,000",Income; Base,Income; Base,Income; Base,Price; Base,"1,281","1,365","1,960","1,960","1,960","1,281","1,365","2,366","2,142",Rent; Region,Rent; Base,Income; Base,Income; Base
58,Carling Tp,ST,Northeastern,"415,200","261,000","415,200","415,200","415,200","819,000","261,000","612,000","675,000","910,000","290,000","680,000","750,000",Income; Base,Price; Region,Income; Base,Income; Base,879,"1,173","1,430","1,530","1,530",879,"1,173","1,430","1,643",Rent; Region,Rent; Region,Rent; Region,Income; CD
59,Carlow-Mayo Tp,LT,Eastern,"322,100","322,100","322,100","322,100","322,100","531,000","378,000","459,000","405,000","590,000","420,000","510,000","450,000",Income; Base,Income; Base,Income; Base,Income; Base,"1,065","1,340","1,484","1,710","1,710","1,065","1,340","1,484","1,858",Rent; CD,Rent; CD,Rent; CD,Income; CD
60,Casey Tp,ST,Northeastern,"297,000","261,000","243,000","324,000","395,800","297,000","261,000","243,000","324,000","330,000","290,000","270,000","360,000",Price; CD,Price; Region,Price; CD,Price; Region,879,"1,173","1,380","1,380","1,380",879,"1,173","1,430","1,643",Rent; Region,Rent; Region,Income; CD,Income; CD
61,Casselman M,LT,Eastern,"461,800","432,000","414,000","351,000","461,800","513,000","432,000","414,000","351,000","570,000","480,000","460,000","390,000",Income; Base,Price; CD,Price; CD,Price; CD,590,948,"1,463","1,830","1,830",590,948,"1,463","2,142",Rent; CD,Rent; CD,Rent; CD,Income; Base
62,Cavan Monaghan Tp,LT,Eastern,"500,600","486,000","500,600","500,600","500,600","882,000","486,000","531,000","558,000","980,000","540,000","590,000","620,000",Income; Base,Price; CD,Income; Base,Income; Base,990,"1,245","1,518","1,730","2,300",990,"1,245","1,518","1,730",Rent; CD,Rent; CD,Rent; CD,Rent; CD
63,Central Elgin M,LT,Western,"477,300","450,000","477,300","477,300","477,300","711,000","450,000","603,000","531,000","790,000","500,000","670,000","590,000",Income; Base,Price; CD,Income; Base,Income; Base,959,"1,187","1,599","2,060","2,060",959,"1,187","1,599","2,241",Rent; CD,Rent; CD,Rent; CD,Income; Base
64,Central Frontenac Tp,LT,Eastern,"325,900","325,900","325,900","325,900","325,900","486,000","459,000","513,000","432,000","540,000","510,000","570,000","480,000",Income; Base,Income; Base,Income; Base,Income; Base,"1,202","1,410","1,410","1,410","1,410","1,202","1,505","1,767","2,710",Rent; CD,Income; Base,Income; Base,Income; Base
65,Central Huron M,LT,Western,"357,000","357,000","357,000","357,000","357,000","567,000","450,000","459,000","495,000","630,000","500,000","510,000","550,000",Income; Base,Income; Base,Income; Base,Income; Base,"1,082","1,205","1,640","1,640","1,640","1,082","1,205","1,804","1,744",Rent; Region,Rent; CD,Income; Base,Income; Base
66,Central Manitoulin M,ST,Northeastern,"298,800","261,000","252,000","298,800","298,800","405,000","261,000","252,000","324,000","450,000","290,000","280,000","360,000",Income; Base,Price; Region,Price; Region,Income; Base,879,"1,173","1,430","1,643","1,770",879,"1,173","1,430","1,643",Rent; Region,Rent; Region,Rent; Region,Rent; Region
67,Centre Hastings M,LT,Eastern,"360,900","360,900","360,900","360,900","360,900","558,000","378,000","459,000","405,000","620,000","420,000","510,000","450,000",Income; Base,Income; Base,Income; Base,Income; Base,"1,065","1,290","1,290","1,290","1,290","1,065","1,340","1,484","1,858",Rent; CD,Income; Base,Income; Base,Income; Base
68,Centre Wellington Tp,LT,Western,"461,800","461,800","461,800","461,800","461,800","909,000","630,000","666,000","621,000","1,010,000","700,000","740,000","690,000",Income; Base,Income; Base,Income; Base,Income; Base,"1,317","1,298","1,562","1,637","2,020","1,317","1,298","1,562","1,637",Rent; CD,Rent; Base,Rent; Base,Rent; Base
69,Chamberlain Tp,ST,Northeastern,"297,000","261,000","243,000","324,000","341,500","297,000","261,000","243,000","324,000","330,000","290,000","270,000","360,000",Price; CD,Price; Region,Price; CD,Price; Region,879,"1,173","1,380","1,380","1,380",879,"1,173","1,430","1,643",Rent; Region,Rent; Region,Income; CD,Income; CD
70,Champlain Tp,LT,Eastern,"384,200","384,200","384,200","351,000","384,200","522,000","432,000","414,000","351,000","580,000","480,000","460,000","390,000",Income; Base,Income; Base,Income; Base,Price; CD,590,948,"1,463","1,660","1,660",590,948,"1,463","2,142",Rent; CD,Rent; CD,Rent; CD,Income; Base
71,Chapleau Tp,ST,Northeastern,"353,100","261,000","252,000","324,000","353,100","387,000","261,000","252,000","324,000","430,000","290,000","280,000","360,000",Income; Base,Price; Region,Price; Region,Price; Region,879,"1,173","1,430","1,643","1,750",879,"1,173","1,430","1,643",Rent; Region,Rent; Region,Rent; Region,Rent; Region
72,Chapple Tp,ST,Northwestern,"270,000","243,000","324,000","306,000","419,100","270,000","243,000","324,000","306,000","300,000","270,000","360,000","340,000",Price; CD,Price; Region,Price; Region,Price; Region,950,"1,163","1,479","1,660","1,660",950,"1,163","1,479","1,851",Rent; Region,Rent; Region,Rent; Region,Income; CD
73,Charlton-Dack M,ST,Northeastern,"297,000","261,000","243,000","324,000","454,000","297,000","261,000","243,000","324,000","330,000","290,000","270,000","360,000",Price; CD,Price; Region,Price; CD,Price; Region,879,"1,173","1,380","1,380","1,380",879,"1,173","1,430","1,643",Rent; Region,Rent; Region,Income; CD,Income; CD
74,Chatham-Kent M,ST,Western,"333,700","333,700","333,700","198,000","333,700","432,000","351,000","369,000","198,000","480,000","390,000","410,000","220,000",Income; Base,Income; Base,Income; Base,Price; Base,"1,198","1,203","1,387","1,180","1,580","1,198","1,203","1,387","1,180",Rent; Base,Rent; Base,Rent; Base,Rent; Base
75,Chatsworth Tp,LT,Western,"372,500","372,500","372,500","372,500","372,500","666,000","621,000","630,000","630,000","740,000","690,000","700,000","700,000",Income; Base,Income; Base,Income; Base,Income; Base,929,"1,101","1,243","1,350","1,440",929,"1,101","1,243","1,350",Rent; CD,Rent; CD,Rent; CD,Rent; CD
76,Chisholm Tp,ST,Northeastern,"345,300","333,000","306,000","333,000","345,300","531,000","333,000","306,000","333,000","590,000","370,000","340,000","370,000",Income; Base,Price; CD,Price; CD,Price; CD,807,"1,051","1,367","1,570","1,570",807,"1,051","1,367","1,682",Rent; CD,Rent; CD,Rent; CD,Income; CD
77,Clarence-Rockland C,LT,Eastern,"473,400","423,000","432,000","473,400","473,400","576,000","423,000","432,000","495,000","640,000","470,000","480,000","550,000",Income; Base,Price; Base,Price; Base,Income; Base,590,950,"1,494","2,030","2,030",590,950,"1,494","2,142",Rent; CD,Rent; Base,Rent; Base,Income; Base
78,Clarington M,LT,Central,"508,300","508,300","508,300","508,300","508,300","873,000","630,000","675,000","594,000","970,000","700,000","750,000","660,000",Income; Base,Income; Base,Income; Base,Income; Base,"1,330","1,614","1,787","1,909","2,450","1,330","1,614","1,787","1,909",Rent; CD,Rent; Base,Rent; Base,Rent; CD
79,Clearview Tp,LT,Central,"442,400","442,400","442,400","442,400","442,400","1,008,000","639,000","567,000","567,000","1,120,000","710,000","630,000","630,000",Income; Base,Income; Base,Income; Base,Income; Base,"1,003","1,475","1,651","1,833","2,120","1,003","1,475","1,651","1,833",Rent; CD,Rent; CD,Rent; CD,Rent; CD
80,Cobalt T,ST,Northeastern,"180,000","260,000","243,000","260,000","260,000","180,000","261,000","243,000","324,000","200,000","290,000","270,000","360,000",Price; Base,Income; Base,Price; CD,Income; Base,879,"1,173","1,280","1,280","1,280",879,"1,173","1,430","1,643",Rent; Region,Rent; Region,Income; Base,Income; Base
81,Cobourg T,LT,Eastern,"357,000","357,000","357,000","357,000","357,000","720,000","531,000","558,000","513,000","800,000","590,000","620,000","570,000",Income; Base,Income; Base,Income; Base,Income; Base,"1,071","1,396","1,621","1,870","1,870","1,071","1,396","1,621","1,885",Rent; Base,Rent; Base,Rent; Base,Income; Base
82,Cochrane T,ST,Northeastern,"288,000","198,000","207,000","315,000","357,000","288,000","198,000","207,000","315,000","320,000","220,000","230,000","350,000",Price; Base,Price; CD,Price; CD,Price; CD,859,"1,185","1,299","1,410","1,560",859,"1,185","1,299","1,410",Rent; CD,Rent; CD,Rent; CD,Rent; CD
83,Cockburn Island Tp,ST,Northeastern,"300,700","261,000","252,000","300,700","300,700","396,000","261,000","252,000","324,000","440,000","290,000","280,000","360,000",Income; CD,Price; Region,Price; Region,Income; CD,879,"1,173","1,430","1,643","1,760",879,"1,173","1,430","1,643",Rent; Region,Rent; Region,Rent; Region,Rent; Region
84,Coleman Tp,ST,Northeastern,"297,000","261,000","243,000","324,000","442,400","297,000","261,000","243,000","324,000","330,000","290,000","270,000","360,000",Price; CD,Price; Region,Price; CD,Price; Region,879,"1,173","1,380","1,380","1,380",879,"1,173","1,430","1,643",Rent; Region,Rent; Region,Income; CD,Income; CD
85,Collingwood T,LT,Central,"384,200","384,200","384,200","384,200","384,200","981,000","684,000","684,000","603,000","1,090,000","760,000","760,000","670,000",Income; Base,Income; Base,Income; Base,Income; Base,"1,003","1,418","1,634","1,833","1,840","1,003","1,418","1,634","1,833",Rent; CD,Rent; Base,Rent; Base,Rent; CD
86,Conmee Tp,ST,Northwestern,"360,000","243,000","333,000","306,000","492,800","360,000","243,000","333,000","306,000","400,000","270,000","370,000","340,000",Price; Base,Price; CD,Price; CD,Price; CD,976,"1,173","1,495","1,690","1,690",976,"1,173","1,495","1,864",Rent; CD,Rent; CD,Rent; CD,Income; CD
87,Cornwall C,ST,Eastern,"279,400","279,400","279,400","279,400","279,400","369,000","351,000","315,000","306,000","410,000","390,000","350,000","340,000",Income; Base,Income; Base,Income; Base,Income; Base,956,"1,081","1,288","1,413","1,510",956,"1,081","1,288","1,413",Rent; Base,Rent; Base,Rent; Base,Rent; Base
88,Cramahe Tp,LT,Eastern,"391,900","391,900","391,900","391,900","391,900","675,000","531,000","522,000","558,000","750,000","590,000","580,000","620,000",Income; Base,Income; Base,Income; Base,Income; Base,"1,148","1,465","1,582","1,895","1,960","1,148","1,465","1,582","1,895",Rent; CD,Rent; CD,Rent; CD,Rent; CD
89,Dawn-Euphemia Tp,LT,Western,"360,900","360,000","342,000","360,900","360,900","513,000","360,000","342,000","405,000","570,000","400,000","380,000","450,000",Income; Base,Price; CD,Price; CD,Income; Base,988,"1,249","1,522","1,712","2,050",988,"1,249","1,522","1,712",Rent; CD,Rent; CD,Rent; CD,Rent; CD
90,Dawson Tp,ST,Northwestern,"270,000","243,000","324,000","306,000","376,400","270,000","243,000","324,000","306,000","300,000","270,000","360,000","340,000",Price; CD,Price; Region,Price; Region,Price; Region,950,"1,163","1,479","1,660","1,660",950,"1,163","1,479","1,851",Rent; Region,Rent; Region,Rent; Region,Income; CD
91,Deep River T,LT,Eastern,"369,000","234,000","387,000","279,000","430,700","369,000","234,000","387,000","279,000","410,000","260,000","430,000","310,000",Price; Base,Price; Base,Price; CD,Price; CD,"1,281","1,140","1,312","1,592","2,080","1,281","1,140","1,312","1,592",Rent; Region,Rent; CD,Rent; CD,Rent; CD
92,Deseronto T,LT,Eastern,"285,200","285,200","285,200","285,200","285,200","333,000","378,000","459,000","405,000","370,000","420,000","510,000","450,000",Income; Base,Income; Base,Income; Base,Income; Base,"1,065","1,140","1,140","1,140","1,140","1,065","1,340","1,484","1,858",Rent; CD,Income; Base,Income; Base,Income; Base
93,Dorion Tp,ST,Northwestern,"351,000","243,000","333,000","306,000","434,600","351,000","243,000","333,000","306,000","390,000","270,000","370,000","340,000",Price; CD,Price; CD,Price; CD,Price; CD,976,"1,173","1,495","1,690","1,690",976,"1,173","1,495","1,864",Rent; CD,Rent; CD,Rent; CD,Income; CD
94,Douro-Dummer Tp,LT,Eastern,"442,400","442,400","442,400","442,400","442,400","819,000","486,000","531,000","558,000","910,000","540,000","590,000","620,000",Income; Base,Income; Base,Income; Base,Income; Base,990,"1,245","1,518","1,730","2,230",990,"1,245","1,518","1,730",Rent; CD,Rent; CD,Rent; CD,Rent; CD
95,Drummond-North Elmsley Tp,LT,Eastern,"430,700","430,700","430,700","387,000","430,700","639,000","459,000","522,000","387,000","710,000","510,000","580,000","430,000",Income; Base,Income; Base,Income; Base,Price; CD,"1,281","1,519","1,940","1,940","1,940","1,281","1,519","2,361","2,142",Rent; Region,Rent; CD,Income; Base,Income; Base
96,Dryden C,ST,Northwestern,"297,000","243,000","351,000","306,000","395,800","297,000","243,000","351,000","306,000","330,000","270,000","390,000","340,000",Price; Base,Price; Region,Price; CD,Price; Region,950,"1,005","1,479","1,660","1,660",950,"1,005","1,479","1,851",Rent; Region,Rent; CD,Rent; Region,Income; Base
97,Dubreuilville Tp,ST,Northeastern,"342,000","207,000","234,000","306,000","384,200","342,000","207,000","234,000","306,000","380,000","230,000","260,000","340,000",Price; CD,Price; CD,Price; CD,Price; CD,918,"1,109","1,249","1,329","1,460",918,"1,109","1,249","1,329",Rent; CD,Rent; CD,Rent; CD,Rent; CD
98,Dutton-Dunwich M,LT,Western,"411,300","411,300","411,300","411,300","411,300","567,000","450,000","513,000","513,000","630,000","500,000","570,000","570,000",Income; Base,Income; Base,Income; Base,Income; Base,959,"1,187","1,599","1,640","1,640",959,"1,187","1,599","2,241",Rent; CD,Rent; CD,Rent; CD,Income; Base
99,Dysart et al Tp,LT,Eastern,"349,200","349,200","349,200","349,200","349,200","837,000","414,000","477,000","513,000","930,000","460,000","530,000","570,000",Income; Base,Income; Base,Income; Base,Income; Base,"1,281","1,533","1,580","1,580","1,580","1,281","1,533","1,762","2,142",Rent; Region,Rent; Region,Income; Base,Income; Base
100,Ear Falls Tp,ST,Northwestern,"396,000","243,000","351,000","306,000","426,800","396,000","243,000","351,000","306,000","440,000","270,000","390,000","340,000",Price; CD,Price; Region,Price; CD,Price; Region,950,"1,005","1,479","1,851","2,090",950,"1,005","1,479","1,851",Rent; Region,Rent; CD,Rent; Region,Rent; Region
101,East Ferris M,ST,Northeastern,"492,800","333,000","306,000","333,000","492,800","576,000","333,000","306,000","333,000","640,000","370,000","340,000","370,000",Income; Base,Price; CD,Price; CD,Price; CD,807,"1,051","1,367","1,560","1,560",807,"1,051","1,367","1,682",Rent; CD,Rent; CD,Rent; CD,Income; Base
102,East Garafraxa Tp,LT,Western,"651,900","594,000","639,000","558,000","651,900","1,476,000","594,000","639,000","558,000","1,640,000","660,000","710,000","620,000",Income; Base,Price; CD,Price; CD,Price; CD,"1,350","1,463","1,714","1,714","2,120","1,350","1,463","1,714","1,714",Rent; CD,Rent; CD,Rent; CD,Rent; CD
103,East Gwillimbury T,LT,Central,"539,400","539,400","539,400","539,400","539,400","1,251,000","936,000","837,000","639,000","1,390,000","1,040,000","930,000","710,000",Income; Base,Income; Base,Income; Base,Income; Base,"1,297","1,783","2,024","2,658","2,810","1,297","1,783","2,024","2,658",Rent; CD,Rent; CD,Rent; CD,Rent; CD
104,East Hawkesbury Tp,LT,Eastern,"388,000","388,000","388,000","351,000","388,000","450,000","432,000","414,000","351,000","500,000","480,000","460,000","390,000",Income; Base,Income; Base,Income; Base,Price; CD,590,948,"1,463","1,810","1,810",590,948,"1,463","2,142",Rent; CD,Rent; CD,Rent; CD,Income; Base
105,East Zorra - Tavistock Tp,LT,Western,"450,100","450,100","450,100","450,100","450,100","765,000","495,000","477,000","576,000","850,000","550,000","530,000","640,000",Income; Base,Income; Base,Income; Base,Income; Base,"1,026","1,350","1,572","1,926","1,960","1,026","1,350","1,572","1,926",Rent; CD,Rent; CD,Rent; CD,Rent; CD
106,Edwardsburgh-Cardinal Tp,LT,Eastern,"395,800","387,000","387,000","395,800","395,800","468,000","387,000","387,000","405,000","520,000","430,000","430,000","450,000",Income; Base,Price; CD,Price; CD,Income; Base,976,"1,175","1,322","1,247","1,530",976,"1,175","1,322","1,247",Rent; CD,Rent; CD,Rent; CD,Rent; CD
107,Elizabethtown-Kitley Tp,LT,Eastern,"411,300","387,000","387,000","405,000","411,300","504,000","387,000","387,000","405,000","560,000","430,000","430,000","450,000",Income; Base,Price; CD,Price; CD,Price; CD,976,"1,175","1,322","1,247","2,150",976,"1,175","1,322","1,247",Rent; CD,Rent; CD,Rent; CD,Rent; CD
108,Elliot Lake C,ST,Northeastern,"226,600","171,000","153,000","226,600","226,600","252,000","171,000","153,000","306,000","280,000","190,000","170,000","340,000",Income; Base,Price; Base,Price; Base,Income; Base,769,789,866,"1,043","1,350",769,789,866,"1,043",Rent; Base,Rent; Base,Rent; Base,Rent; Base
109,Emo Tp,ST,Northwestern,"270,000","243,000","324,000","306,000","473,400","270,000","243,000","324,000","306,000","300,000","270,000","360,000","340,000",Price; CD,Price; Region,Price; Region,Price; Region,950,"1,163","1,479","1,770","1,770",950,"1,163","1,479","1,851",Rent; Region,Rent; Region,Rent; Region,Income; Base
110,Englehart T,ST,Northeastern,"243,000","261,000","243,000","318,200","318,200","243,000","261,000","243,000","324,000","270,000","290,000","270,000","360,000",Price; Base,Price; Region,Price; CD,Income; Base,879,890,890,890,890,879,"1,173","1,430","1,643",Rent; Region,Income; Base,Income; Base,Income; Base
111,Enniskillen Tp,LT,Western,"481,200","360,000","342,000","405,000","481,200","567,000","360,000","342,000","405,000","630,000","400,000","380,000","450,000",Income; Base,Price; CD,Price; CD,Price; CD,988,"1,249","1,390","1,390","1,390",988,"1,249","1,522","1,712",Rent; CD,Rent; CD,Income; Base,Income; Base
112,Erin T,LT,Western,"585,900","585,900","585,900","585,000","585,900","1,242,000","639,000","657,000","585,000","1,380,000","710,000","730,000","650,000",Income; Base,Income; Base,Income; Base,Price; CD,"1,317","1,602","1,781","2,045","2,260","1,317","1,602","1,781","2,045",Rent; CD,Rent; CD,Rent; CD,Rent; CD
113,Espanola T,ST,Northeastern,"306,000","261,000","252,000","324,000","364,700","306,000","261,000","252,000","324,000","340,000","290,000","280,000","360,000",Price; Base,Price; Region,Price; Region,Price; Region,879,"1,173","1,430","1,643","1,650",879,"1,173","1,430","1,643",Rent; Region,Rent; Region,Rent; Region,Rent; Region
114,Essa Tp,LT,Central,"477,300","477,300","477,300","477,300","477,300","864,000","558,000","576,000","567,000","960,000","620,000","640,000","630,000",Income; Base,Income; Base,Income; Base,Income; Base,"1,003","1,475","1,651","1,833","2,960","1,003","1,475","1,651","1,833",Rent; CD,Rent; CD,Rent; CD,Rent; CD
115,Essex T,LT,Western,"407,400","407,400","407,400","378,000","407,400","576,000","504,000","513,000","378,000","640,000","560,000","570,000","420,000",Income; Base,Income; Base,Income; Base,Price; Base,942,"1,192","1,640","1,640","1,640",942,"1,192","1,838","1,744",Rent; CD,Rent; CD,Income; Base,Income; Base
116,Evanturel Tp,ST,Northeastern,"297,000","261,000","243,000","324,000","570,400","297,000","261,000","243,000","324,000","330,000","290,000","270,000","360,000",Price; CD,Price; Region,Price; CD,Price; Region,879,"1,173","1,380","1,380","1,380",879,"1,173","1,430","1,643",Rent; Region,Rent; Region,Income; CD,Income; CD
117,Faraday Tp,LT,Eastern,"298,800","298,800","298,800","298,800","298,800","603,000","378,000","459,000","405,000","670,000","420,000","510,000","450,000",Income; Base,Income; Base,Income; Base,Income; Base,"1,065","1,340","1,484","1,710","1,710","1,065","1,340","1,484","1,858",Rent; CD,Rent; CD,Rent; CD,Income; CD
118,Fauquier-Strickland Tp,ST,Northeastern,"279,000","198,000","207,000","281,300","281,300","279,000","198,000","207,000","315,000","310,000","220,000","230,000","350,000",Price; CD,Price; CD,Price; CD,Income; Base,859,"1,185","1,299","1,410","1,620",859,"1,185","1,299","1,410",Rent; CD,Rent; CD,Rent; CD,Rent; CD
119,Fort Erie T,LT,Central,"349,200","349,200","349,200","349,200","349,200","621,000","531,000","567,000","486,000","690,000","590,000","630,000","540,000",Income; Base,Income; Base,Income; Base,Income; Base,"1,183","1,191","1,015","1,643","1,680","1,183","1,191","1,015","1,643",Rent; CD,Rent; Base,Rent; Base,Rent; CD
120,Fort Frances T,ST,Northwestern,"270,000","243,000","324,000","306,000","360,900","270,000","243,000","324,000","306,000","300,000","270,000","360,000","340,000",Price; Base,Price; Region,Price; Region,Price; Region,950,"1,163","1,479","1,620","1,620",950,"1,163","1,479","1,851",Rent; Region,Rent; Region,Rent; Region,Income; Base
121,French River M,ST,Northeastern,"325,900","261,000","252,000","324,000","325,900","387,000","261,000","252,000","324,000","430,000","290,000","280,000","360,000",Income; Base,Price; Region,Price; Region,Price; Region,879,"1,173","1,330","1,330","1,330",879,"1,173","1,430","1,643",Rent; Region,Rent; Region,Income; Base,Income; Base
122,Front of Yonge Tp,LT,Eastern,"360,900","360,900","360,900","360,900","360,900","468,000","387,000","387,000","405,000","520,000","430,000","430,000","450,000",Income; Base,Income; Base,Income; Base,Income; Base,976,"1,175","1,322","1,247","1,680",976,"1,175","1,322","1,247",Rent; CD,Rent; CD,Rent; CD,Rent; CD
123,Frontenac Islands Tp,LT,Eastern,"403,600","403,600","403,600","403,600","403,600","846,000","459,000","513,000","432,000","940,000","510,000","570,000","480,000",Income; Base,Income; Base,Income; Base,Income; Base,"1,202","1,505","1,767","1,870","1,870","1,202","1,505","1,767","2,710",Rent; CD,Rent; CD,Rent; CD,Income; CD
124,Gananoque ST,ST,Eastern,"306,500","306,500","306,500","306,500","306,500","477,000","387,000","459,000","477,000","530,000","430,000","510,000","530,000",Income; Base,Income; Base,Income; Base,Income; Base,976,"1,175","1,322","1,247","1,640",976,"1,175","1,322","1,247",Rent; CD,Rent; CD,Rent; CD,Rent; CD
125,Gauthier Tp,ST,Northeastern,"297,000","261,000","243,000","324,000","341,500","297,000","261,000","243,000","324,000","330,000","290,000","270,000","360,000",Price; CD,Price; Region,Price; CD,Price; Region,879,"1,173","1,380","1,380","1,380",879,"1,173","1,430","1,643",Rent; Region,Rent; Region,Income; CD,Income; CD
126,Georgian Bay Tp,LT,Central,"368,600","368,600","368,600","368,600","368,600","1,152,000","522,000","648,000","981,000","1,280,000","580,000","720,000","1,090,000",Income; Base,Income; Base,Income; Base,Income; Base,"1,012","1,347","1,560","1,940","1,940","1,012","1,347","1,560","2,418",Rent; CD,Rent; CD,Rent; CD,Income; Base
127,Georgian Bluffs Tp,LT,Western,"434,600","434,600","434,600","434,600","434,600","774,000","621,000","630,000","666,000","860,000","690,000","700,000","740,000",Income; Base,Income; Base,Income; Base,Income; Base,929,"1,101","1,243","1,350","1,940",929,"1,101","1,243","1,350",Rent; CD,Rent; CD,Rent; CD,Rent; CD
128,Georgina T,LT,Central,"450,100","450,100","450,100","450,100","450,100","837,000","729,000","657,000","504,000","930,000","810,000","730,000","560,000",Income; Base,Income; Base,Income; Base,Income; Base,"1,297","1,783","2,024","2,060","2,060","1,297","1,783","2,024","2,658",Rent; CD,Rent; CD,Rent; CD,Income; Base
129,Gillies Tp,ST,Northwestern,"351,000","243,000","333,000","306,000","415,200","351,000","243,000","333,000","306,000","390,000","270,000","370,000","340,000",Price; CD,Price; CD,Price; CD,Price; CD,976,"1,173","1,495","1,690","1,690",976,"1,173","1,495","1,864",Rent; CD,Rent; CD,Rent; CD,Income; CD
130,Goderich T,LT,Western,"325,900","325,900","325,900","325,900","325,900","513,000","450,000","459,000","495,000","570,000","500,000","510,000","550,000",Income; Base,Income; Base,Income; Base,Income; Base,"1,082","1,205","1,500","1,500","1,500","1,082","1,205","1,804","1,744",Rent; Region,Rent; CD,Income; Base,Income; Base
131,Gordon-Barrie Island M,ST,Northeastern,"310,400","261,000","252,000","310,400","310,400","396,000","261,000","252,000","324,000","440,000","290,000","280,000","360,000",Income; Base,Price; Region,Price; Region,Income; Base,879,"1,173","1,430","1,643","1,760",879,"1,173","1,430","1,643",Rent; Region,Rent; Region,Rent; Region,Rent; Region
132,Gore Bay T,ST,Northeastern,"318,200","261,000","252,000","318,200","318,200","396,000","261,000","252,000","324,000","440,000","290,000","280,000","360,000",Income; Base,Price; Region,Price; Region,Income; Base,879,"1,173","1,430","1,590","1,590",879,"1,173","1,430","1,643",Rent; Region,Rent; Region,Rent; Region,Income; Base
133,Grand Valley T,LT,Western,"461,800","461,800","461,800","461,800","461,800","792,000","594,000","639,000","558,000","880,000","660,000","710,000","620,000",Income; Base,Income; Base,Income; Base,Income; Base,"1,350","1,463","1,714","1,714","2,330","1,350","1,463","1,714","1,714",Rent; CD,Rent; CD,Rent; CD,Rent; CD
134,Gravenhurst T,LT,Central,"349,200","349,200","349,200","349,200","349,200","945,000","522,000","873,000","846,000","1,050,000","580,000","970,000","940,000",Income; Base,Income; Base,Income; Base,Income; Base,"1,012","1,250","1,557","1,650","1,650","1,012","1,250","1,557","2,386",Rent; CD,Rent; Base,Rent; Base,Income; Base
135,Greater Madawaska Tp,LT,Eastern,"372,500","369,000","372,500","279,000","372,500","603,000","369,000","387,000","279,000","670,000","410,000","430,000","310,000",Income; Base,Price; CD,Income; Base,Price; CD,"1,281","1,140","1,312","1,592","1,930","1,281","1,140","1,312","1,592",Rent; Region,Rent; CD,Rent; CD,Rent; CD
136,Greater Napanee T,LT,Eastern,"360,900","360,900","360,900","360,900","360,900","558,000","450,000","378,000","369,000","620,000","500,000","420,000","410,000",Income; Base,Income; Base,Income; Base,Income; Base,955,"1,066","1,244","1,640","1,640",955,"1,066","1,244","2,142",Rent; Base,Rent; Base,Rent; Base,Income; Base
137,Greater Sudbury C,ST,Northeastern,"395,800","333,000","395,800","387,000","395,800","468,000","333,000","396,000","387,000","520,000","370,000","440,000","430,000",Income; Base,Price; Base,Income; Base,Price; Base,904,"1,244","1,558","1,810","1,810",904,"1,244","1,558","1,816",Rent; Base,Rent; Base,Rent; Base,Income; Base
138,Greenstone M,ST,Northwestern,"189,000","243,000","333,000","306,000","364,700","189,000","243,000","333,000","306,000","210,000","270,000","370,000","340,000",Price; Base,Price; CD,Price; CD,Price; CD,976,"1,173","1,495","1,510","1,510",976,"1,173","1,495","1,864",Rent; CD,Rent; CD,Rent; CD,Income; Base
139,Grey Highlands M,LT,Western,"388,000","388,000","388,000","388,000","388,000","837,000","621,000","630,000","630,000","930,000","690,000","700,000","700,000",Income; Base,Income; Base,Income; Base,Income; Base,929,"1,101","1,243","1,350","1,730",929,"1,101","1,243","1,350",Rent; CD,Rent; CD,Rent; CD,Rent; CD
140,Grimsby T,LT,Central,"477,300","477,300","477,300","477,300","477,300","963,000","621,000","666,000","504,000","1,070,000","690,000","740,000","560,000",Income; Base,Income; Base,Income; Base,Income; Base,"1,183","1,313","1,527","1,643","2,350","1,183","1,313","1,527","1,643",Rent; CD,Rent; CD,Rent; CD,Rent; CD
141,Guelph C,ST,Western,"430,700","430,700","430,700","430,700","430,700","864,000","675,000","630,000","522,000","960,000","750,000","700,000","580,000",Income; Base,Income; Base,Income; Base,Income; Base,"1,332","1,627","1,802","2,091","2,140","1,332","1,627","1,802","2,091",Rent; Base,Rent; Base,Rent; Base,Rent; Base
142,Guelph-Eramosa Tp,LT,Western,"585,900","585,900","585,900","585,900","585,900","1,179,000","639,000","792,000","864,000","1,310,000","710,000","880,000","960,000",Income; Base,Income; Base,Income; Base,Income; Base,"1,317","1,602","1,781","2,045","2,450","1,317","1,602","1,781","2,045",Rent; CD,Rent; CD,Rent; CD,Rent; CD
143,Haldimand County,ST,Western,"423,000","423,000","423,000","423,000","423,000","684,000","558,000","549,000","549,000","760,000","620,000","610,000","610,000",Income; Base,Income; Base,Income; Base,Income; Base,667,"1,132","1,146","1,730","1,730",667,"1,132","1,146","1,744",Rent; CD,Rent; Base,Rent; Base,Income; Base
144,Halton Hills T,LT,Central,"578,200","578,200","578,200","578,200","578,200","1,215,000","756,000","693,000","720,000","1,350,000","840,000","770,000","800,000",Income; Base,Income; Base,Income; Base,Income; Base,"1,460","1,214","1,531","2,260","2,260","1,460","1,214","1,531","2,407",Rent; CD,Rent; Base,Rent; Base,Income; Base
145,Hamilton C,ST,Central,"399,700","399,700","399,700","399,700","399,700","873,000","648,000","639,000","468,000","970,000","720,000","710,000","520,000",Income; Base,Income; Base,Income; Base,Income; Base,"1,052","1,343","1,527","1,692","1,890","1,052","1,343","1,527","1,692",Rent; Base,Rent; Base,Rent; Base,Rent; Base
146,Hamilton Tp,LT,Eastern,"485,000","485,000","485,000","485,000","485,000","828,000","531,000","522,000","558,000","920,000","590,000","580,000","620,000",Income; Base,Income; Base,Income; Base,Income; Base,"1,148","1,465","1,582","1,895","2,150","1,148","1,465","1,582","1,895",Rent; CD,Rent; CD,Rent; CD,Rent; CD
147,Hanover T,LT,Western,"318,200","318,200","318,200","318,200","318,200","531,000","621,000","630,000","630,000","590,000","690,000","700,000","700,000",Income; Base,Income; Base,Income; Base,Income; Base,929,"1,101","1,243","1,350","1,500",929,"1,101","1,243","1,350",Rent; CD,Rent; CD,Rent; CD,Rent; CD
148,Harley Tp,ST,Northeastern,"297,000","261,000","243,000","324,000","469,500","297,000","261,000","243,000","324,000","330,000","290,000","270,000","360,000",Price; CD,Price; Region,Price; CD,Price; Region,879,"1,173","1,380","1,380","1,380",879,"1,173","1,430","1,643",Rent; Region,Rent; Region,Income; CD,Income; CD
149,Harris Tp,ST,Northeastern,"297,000","261,000","243,000","324,000","465,600","297,000","261,000","243,000","324,000","330,000","290,000","270,000","360,000",Price; CD,Price; Region,Price; CD,Price; Region,879,"1,173","1,380","1,380","1,380",879,"1,173","1,430","1,643",Rent; Region,Rent; Region,Income; CD,Income; CD
150,Hastings Highlands M,LT,Eastern,"322,100","322,100","322,100","322,100","322,100","522,000","378,000","459,000","405,000","580,000","420,000","510,000","450,000",Income; Base,Income; Base,Income; Base,Income; Base,"1,065","1,340","1,484","1,858","2,000","1,065","1,340","1,484","1,858",Rent; CD,Rent; CD,Rent; CD,Rent; CD
151,Havelock-Belmont-Methuen Tp,LT,Eastern,"325,900","325,900","325,900","325,900","325,900","585,000","486,000","531,000","558,000","650,000","540,000","590,000","620,000",Income; Base,Income; Base,Income; Base,Income; Base,990,"1,245","1,340","1,340","1,340",990,"1,245","1,518","1,730",Rent; CD,Rent; CD,Income; Base,Income; Base
152,Hawkesbury T,LT,Eastern,"250,300","250,300","234,000","207,000","250,300","315,000","297,000","234,000","207,000","350,000","330,000","260,000","230,000",Income; Base,Income; Base,Price; Base,Price; Base,651,762,"1,107","1,300","1,300",651,762,"1,107","2,142",Rent; Base,Rent; Base,Rent; Base,Income; Base
153,"Head, Clara and Maria Tp",LT,Eastern,"368,600","368,600","368,600","279,000","368,600","468,000","369,000","387,000","279,000","520,000","410,000","430,000","310,000",Income; CD,Income; CD,Income; CD,Price; CD,"1,281","1,140","1,312","1,592","1,930","1,281","1,140","1,312","1,592",Rent; Region,Rent; CD,Rent; CD,Rent; CD
154,Hearst T,ST,Northeastern,"279,000","198,000","207,000","315,000","376,400","279,000","198,000","207,000","315,000","310,000","220,000","230,000","350,000",Price; CD,Price; CD,Price; CD,Price; CD,859,"1,185","1,299","1,410","1,580",859,"1,185","1,299","1,410",Rent; CD,Rent; CD,Rent; CD,Rent; CD
155,Highlands East M,LT,Eastern,"287,100","287,100","287,100","287,100","287,100","549,000","414,000","477,000","504,000","610,000","460,000","530,000","560,000",Income; Base,Income; Base,Income; Base,Income; Base,"1,281","1,533","1,600","1,600","1,600","1,281","1,533","1,762","2,142",Rent; Region,Rent; Region,Income; Base,Income; Base
156,Hilliard Tp,ST,Northeastern,"297,000","261,000","243,000","324,000","341,500","297,000","261,000","243,000","324,000","330,000","290,000","270,000","360,000",Price; CD,Price; Region,Price; CD,Price; Region,879,"1,173","1,380","1,380","1,380",879,"1,173","1,430","1,643",Rent; Region,Rent; Region,Income; CD,Income; CD
157,Hilton Beach V,ST,Northeastern,"333,700","207,000","234,000","306,000","333,700","342,000","207,000","234,000","306,000","380,000","230,000","260,000","340,000",Income; CD,Price; CD,Price; CD,Price; CD,918,"1,109","1,249","1,329","1,460",918,"1,109","1,249","1,329",Rent; CD,Rent; CD,Rent; CD,Rent; CD
158,Hilton Tp,ST,Northeastern,"342,000","207,000","234,000","306,000","372,500","342,000","207,000","234,000","306,000","380,000","230,000","260,000","340,000",Price; CD,Price; CD,Price; CD,Price; CD,918,"1,109","1,249","1,329","1,460",918,"1,109","1,249","1,329",Rent; CD,Rent; CD,Rent; CD,Rent; CD
159,Hornepayne Tp,ST,Northeastern,"342,000","207,000","234,000","306,000","457,900","342,000","207,000","234,000","306,000","380,000","230,000","260,000","340,000",Price; CD,Price; CD,Price; CD,Price; CD,918,"1,109","1,249","1,329","1,460",918,"1,109","1,249","1,329",Rent; CD,Rent; CD,Rent; CD,Rent; CD
160,Horton Tp,LT,Eastern,"407,400","369,000","387,000","279,000","407,400","540,000","369,000","387,000","279,000","600,000","410,000","430,000","310,000",Income; Base,Price; CD,Price; CD,Price; CD,"1,281","1,140","1,312","1,592","1,990","1,281","1,140","1,312","1,592",Rent; Region,Rent; CD,Rent; CD,Rent; CD
161,Howick Tp,LT,Western,"372,500","372,500","372,500","372,500","372,500","612,000","450,000","459,000","495,000","680,000","500,000","510,000","550,000",Income; Base,Income; Base,Income; Base,Income; Base,"1,082","1,205","1,804","1,744","2,420","1,082","1,205","1,804","1,744",Rent; Region,Rent; CD,Rent; CD,Rent; Region
162,Hudson Tp,ST,Northeastern,"297,000","261,000","243,000","324,000","407,400","297,000","261,000","243,000","324,000","330,000","290,000","270,000","360,000",Price; CD,Price; Region,Price; CD,Price; Region,879,"1,173","1,380","1,380","1,380",879,"1,173","1,430","1,643",Rent; Region,Rent; Region,Income; CD,Income; CD
163,Huntsville T,LT,Central,"384,200","384,200","384,200","384,200","384,200","837,000","522,000","558,000","594,000","930,000","580,000","620,000","660,000",Income; Base,Income; Base,Income; Base,Income; Base,"1,012","1,514","1,597","1,690","1,690","1,012","1,514","1,597","2,418",Rent; CD,Rent; Base,Rent; Base,Income; Base
164,Huron East M,LT,Western,"360,900","360,900","360,000","360,900","360,900","522,000","450,000","360,000","495,000","580,000","500,000","400,000","550,000",Income; Base,Income; Base,Price; Base,Income; Base,"1,082","1,205","1,760","1,744","1,760","1,082","1,205","1,804","1,744",Rent; Region,Rent; CD,Income; Base,Rent; Region
165,Huron Shores M,ST,Northeastern,"322,100","207,000","234,000","306,000","322,100","324,000","207,000","234,000","306,000","360,000","230,000","260,000","340,000",Income; Base,Price; CD,Price; CD,Price; CD,918,"1,109","1,249","1,329","1,390",918,"1,109","1,249","1,329",Rent; CD,Rent; CD,Rent; CD,Rent; CD
166,Huron-Kinloss Tp,LT,Western,"434,600","434,600","434,600","434,600","434,600","720,000","459,000","531,000","549,000","800,000","510,000","590,000","610,000",Income; Base,Income; Base,Income; Base,Income; Base,"1,082","1,254","1,510","1,510","1,510","1,082","1,254","1,783","1,828",Rent; Region,Rent; CD,Income; Base,Income; Base
167,Ignace Tp,ST,Northwestern,"153,000","243,000","349,200","306,000","349,200","153,000","243,000","351,000","306,000","170,000","270,000","390,000","340,000",Price; Base,Price; Region,Income; Base,Price; Region,950,"1,005","1,479","1,580","1,580",950,"1,005","1,479","1,851",Rent; Region,Rent; CD,Rent; Region,Income; Base
168,Ingersoll T,LT,Western,"399,700","399,700","399,700","399,700","399,700","585,000","468,000","459,000","576,000","650,000","520,000","510,000","640,000",Income; Base,Income; Base,Income; Base,Income; Base,"1,026","1,132","1,250","1,890","1,890","1,026","1,132","1,250","1,926",Rent; CD,Rent; Base,Rent; Base,Income; Base
169,Innisfil T,LT,Central,"461,800","461,800","461,800","461,800","461,800","900,000","639,000","810,000","540,000","1,000,000","710,000","900,000","600,000",Income; Base,Income; Base,Income; Base,Income; Base,"1,003","1,475","1,651","1,833","2,810","1,003","1,475","1,651","1,833",Rent; CD,Rent; CD,Rent; CD,Rent; CD
170,Iroquois Falls T,ST,Northeastern,"234,000","198,000","207,000","315,000","360,900","234,000","198,000","207,000","315,000","260,000","220,000","230,000","350,000",Price; Base,Price; CD,Price; CD,Price; CD,859,"1,185","1,290","1,290","1,290",859,"1,185","1,299","1,410",Rent; CD,Rent; CD,Income; Base,Income; Base
171,James Tp,ST,Northeastern,"297,000","261,000","243,000","304,600","304,600","297,000","261,000","243,000","324,000","330,000","290,000","270,000","360,000",Price; CD,Price; Region,Price; CD,Income; Base,879,"1,173","1,380","1,380","1,380",879,"1,173","1,430","1,643",Rent; Region,Rent; Region,Income; CD,Income; CD
172,Jocelyn Tp,ST,Northeastern,"342,000","207,000","234,000","306,000","349,200","342,000","207,000","234,000","306,000","380,000","230,000","260,000","340,000",Price; CD,Price; CD,Price; CD,Price; CD,918,"1,109","1,249","1,329","1,460",918,"1,109","1,249","1,329",Rent; CD,Rent; CD,Rent; CD,Rent; CD
173,Johnson Tp,ST,Northeastern,"314,300","207,000","234,000","306,000","314,300","342,000","207,000","234,000","306,000","380,000","230,000","260,000","340,000",Income; Base,Price; CD,Price; CD,Price; CD,918,"1,109","1,249","1,329","1,460",918,"1,109","1,249","1,329",Rent; CD,Rent; CD,Rent; CD,Rent; CD
174,Joly Tp,ST,Northeastern,"337,600","261,000","337,600","337,600","337,600","720,000","261,000","612,000","675,000","800,000","290,000","680,000","750,000",Income; CD,Price; Region,Income; CD,Income; CD,879,"1,173","1,430","1,530","1,530",879,"1,173","1,430","1,643",Rent; Region,Rent; Region,Rent; Region,Income; CD
175,Kapuskasing T,ST,Northeastern,"234,000","198,000","207,000","315,000","325,900","234,000","198,000","207,000","315,000","260,000","220,000","230,000","350,000",Price; Base,Price; CD,Price; CD,Price; CD,859,"1,185","1,299","1,380","1,380",859,"1,185","1,299","1,410",Rent; CD,Rent; CD,Rent; CD,Income; Base
176,Kawartha Lakes C,ST,Eastern,"376,400","376,400","376,400","376,400","376,400","720,000","441,000","567,000","576,000","800,000","490,000","630,000","640,000",Income; Base,Income; Base,Income; Base,Income; Base,"1,281","1,311","1,561","1,680","1,680","1,281","1,311","1,561","2,142",Rent; Region,Rent; Base,Rent; Base,Income; Base
177,Kearney T,ST,Northeastern,"337,600","261,000","337,600","337,600","337,600","702,000","261,000","612,000","675,000","780,000","290,000","680,000","750,000",Income; Base,Price; Region,Income; Base,Income; Base,879,"1,173","1,430","1,530","1,530",879,"1,173","1,430","1,643",Rent; Region,Rent; Region,Rent; Region,Income; CD
178,Kenora C,ST,Northwestern,"399,700","243,000","351,000","306,000","399,700","531,000","243,000","351,000","306,000","590,000","270,000","390,000","340,000",Income; Base,Price; Region,Price; CD,Price; Region,950,"1,005","1,479","1,820","1,820",950,"1,005","1,479","1,851",Rent; Region,Rent; Base,Rent; Region,Income; Base
179,Kerns Tp,ST,Northeastern,"297,000","261,000","243,000","324,000","399,700","297,000","261,000","243,000","324,000","330,000","290,000","270,000","360,000",Price; CD,Price; Region,Price; CD,Price; Region,879,"1,173","1,380","1,380","1,380",879,"1,173","1,430","1,643",Rent; Region,Rent; Region,Income; CD,Income; CD
180,"Killaloe, Hagarty and Richards Tp",LT,Eastern,"322,100","322,100","322,100","279,000","322,100","432,000","369,000","387,000","279,000","480,000","410,000","430,000","310,000",Income; Base,Income; Base,Income; Base,Price; CD,880,880,880,880,880,"1,281","1,140","1,312","1,592",Income; Base,Income; Base,Income; Base,Income; Base
181,Killarney M,ST,Northeastern,"306,500","261,000","252,000","306,500","306,500","387,000","261,000","252,000","324,000","430,000","290,000","280,000","360,000",Income; Base,Price; Region,Price; Region,Income; Base,879,"1,173","1,430","1,620","1,620",879,"1,173","1,430","1,643",Rent; Region,Rent; Region,Rent; Region,Income; CD
182,Kincardine M,LT,Western,"469,500","459,000","450,000","469,500","469,500","666,000","459,000","450,000","567,000","740,000","510,000","500,000","630,000",Income; Base,Price; CD,Price; Base,Income; Base,"1,082","1,254","1,767","1,820","1,820","1,082","1,254","1,767","1,828",Rent; Region,Rent; CD,Rent; Base,Income; Base
183,King Tp,LT,Central,"667,400","667,400","667,400","630,000","667,400","2,079,000","1,017,000","1,080,000","630,000","2,310,000","1,130,000","1,200,000","700,000",Income; Base,Income; Base,Income; Base,Price; Base,"1,297","1,783","2,024","2,600","2,600","1,297","1,783","2,024","2,658",Rent; CD,Rent; CD,Rent; CD,Income; Base
184,Kingston C,ST,Eastern,"368,600","368,600","368,600","368,600","368,600","657,000","459,000","513,000","423,000","730,000","510,000","570,000","470,000",Income; Base,Income; Base,Income; Base,Income; Base,"1,202","1,505","1,767","1,880","1,880","1,202","1,505","1,767","2,710",Rent; Base,Rent; Base,Rent; Base,Income; Base
185,Kingsville T,LT,Western,"426,800","426,800","426,800","426,800","426,800","648,000","567,000","549,000","468,000","720,000","630,000","610,000","520,000",Income; Base,Income; Base,Income; Base,Income; Base,942,"1,034","1,259","1,744","2,000",942,"1,034","1,259","1,744",Rent; CD,Rent; Base,Rent; Base,Rent; Region
186,Kirkland Lake T,ST,Northeastern,"216,000","261,000","243,000","308,500","308,500","216,000","261,000","243,000","324,000","240,000","290,000","270,000","360,000",Price; Base,Price; Region,Price; CD,Income; Base,879,"1,173","1,410","1,410","1,410",879,"1,173","1,430","1,643",Rent; Region,Rent; Region,Income; Base,Income; Base
187,Kitchener C,LT,Western,"399,700","399,700","399,700","399,700","399,700","837,000","612,000","576,000","405,000","930,000","680,000","640,000","450,000",Income; Base,Income; Base,Income; Base,Income; Base,"1,225","1,446","1,748","1,944","2,120","1,225","1,446","1,748","1,944",Rent; Base,Rent; Base,Rent; Base,Rent; Base
188,La Vallee Tp,ST,Northwestern,"270,000","243,000","324,000","306,000","423,000","270,000","243,000","324,000","306,000","300,000","270,000","360,000","340,000",Price; CD,Price; Region,Price; Region,Price; Region,950,"1,163","1,479","1,660","1,660",950,"1,163","1,479","1,851",Rent; Region,Rent; Region,Rent; Region,Income; CD
189,Laird Tp,ST,Northeastern,"369,000","207,000","234,000","306,000","446,200","369,000","207,000","234,000","306,000","410,000","230,000","260,000","340,000",Price; Base,Price; CD,Price; CD,Price; CD,918,"1,109","1,249","1,329","1,460",918,"1,109","1,249","1,329",Rent; CD,Rent; CD,Rent; CD,Rent; CD
190,Lake of Bays Tp,LT,Central,"419,100","419,100","419,100","419,100","419,100","1,314,000","522,000","873,000","1,629,000","1,460,000","580,000","970,000","1,810,000",Income; Base,Income; Base,Income; Base,Income; Base,"1,012","1,347","1,560","2,180","2,180","1,012","1,347","1,560","2,418",Rent; CD,Rent; CD,Rent; CD,Income; Base
191,Lake of The Woods Tp,ST,Northwestern,"270,000","243,000","324,000","306,000","364,700","270,000","243,000","324,000","306,000","300,000","270,000","360,000","340,000",Price; CD,Price; Region,Price; Region,Price; Region,950,"1,163","1,479","1,660","1,660",950,"1,163","1,479","1,851",Rent; Region,Rent; Region,Rent; Region,Income; CD
192,Lakeshore M,LT,Western,"520,000","520,000","520,000","369,000","520,000","765,000","621,000","576,000","369,000","850,000","690,000","640,000","410,000",Income; Base,Income; Base,Income; Base,Price; CD,942,"1,192","1,454","1,744","2,050",942,"1,192","1,454","1,744",Rent; CD,Rent; CD,Rent; CD,Rent; Region
193,Lambton Shores M,LT,Western,"368,600","360,000","368,600","368,600","368,600","675,000","360,000","531,000","495,000","750,000","400,000","590,000","550,000",Income; Base,Price; CD,Income; Base,Income; Base,988,"1,249","1,473","1,580","1,580",988,"1,249","1,473","1,712",Rent; CD,Rent; CD,Rent; Base,Income; Base
194,Lanark Highlands Tp,LT,Eastern,"364,700","364,700","364,700","364,700","364,700","504,000","459,000","522,000","387,000","560,000","510,000","580,000","430,000",Income; Base,Income; Base,Income; Base,Income; Base,"1,281","1,519","1,880","1,880","1,880","1,281","1,519","2,361","2,142",Rent; Region,Rent; CD,Income; Base,Income; Base
195,Larder Lake Tp,ST,Northeastern,"225,000","261,000","243,000","324,000","353,100","225,000","261,000","243,000","324,000","250,000","290,000","270,000","360,000",Price; Base,Price; Region,Price; CD,Price; Region,879,"1,173","1,380","1,380","1,380",879,"1,173","1,430","1,643",Rent; Region,Rent; Region,Income; CD,Income; CD
196,LaSalle T,LT,Western,"539,400","539,400","539,400","432,000","539,400","774,000","594,000","648,000","432,000","860,000","660,000","720,000","480,000",Income; Base,Income; Base,Income; Base,Price; Base,942,"1,192","1,454","1,744","2,290",942,"1,192","1,454","1,744",Rent; CD,Rent; CD,Rent; CD,Rent; Region
197,Latchford T,ST,Northeastern,"275,500","261,000","243,000","275,500","275,500","297,000","261,000","243,000","324,000","330,000","290,000","270,000","360,000",Income; Base,Price; Region,Price; CD,Income; Base,879,"1,173","1,380","1,380","1,380",879,"1,173","1,430","1,643",Rent; Region,Rent; Region,Income; CD,Income; CD
198,Laurentian Hills T,LT,Eastern,"378,000","369,000","387,000","279,000","419,100","378,000","369,000","387,000","279,000","420,000","410,000","430,000","310,000",Price; Base,Price; CD,Price; CD,Price; CD,"1,281","1,140","1,312","1,592","2,150","1,281","1,140","1,312","1,592",Rent; Region,Rent; CD,Rent; CD,Rent; CD
199,Laurentian Valley Tp,LT,Eastern,"426,800","369,000","387,000","279,000","426,800","477,000","369,000","387,000","279,000","530,000","410,000","430,000","310,000",Income; Base,Price; CD,Price; CD,Price; CD,"1,281","1,140","1,312","1,592","1,870","1,281","1,140","1,312","1,592",Rent; Region,Rent; CD,Rent; CD,Rent; CD
200,Leamington M,LT,Western,"360,900","360,900","360,900","360,900","360,900","549,000","387,000","441,000","504,000","610,000","430,000","490,000","560,000",Income; Base,Income; Base,Income; Base,Income; Base,942,"1,053","1,396","1,576","1,900",942,"1,053","1,396","1,576",Rent; CD,Rent; Base,Rent; Base,Rent; Base
201,Leeds and the Thousand Islands Tp,LT,Eastern,"403,600","387,000","387,000","403,600","403,600","621,000","387,000","387,000","405,000","690,000","430,000","430,000","450,000",Income; Base,Price; CD,Price; CD,Income; Base,976,"1,175","1,322","1,247","2,140",976,"1,175","1,322","1,247",Rent; CD,Rent; CD,Rent; CD,Rent; CD
202,Limerick Tp,LT,Eastern,"240,600","240,600","240,600","240,600","240,600","531,000","378,000","459,000","405,000","590,000","420,000","510,000","450,000",Income; Base,Income; Base,Income; Base,Income; Base,"1,065","1,340","1,484","1,710","1,710","1,065","1,340","1,484","1,858",Rent; CD,Rent; CD,Rent; CD,Income; CD
203,Lincoln T,LT,Central,"465,600","465,600","465,600","423,000","465,600","936,000","594,000","630,000","423,000","1,040,000","660,000","700,000","470,000",Income; Base,Income; Base,Income; Base,Price; Base,"1,183","1,313",916,"1,643","2,390","1,183","1,313",916,"1,643",Rent; CD,Rent; CD,Rent; Base,Rent; CD
204,London C,ST,Western,"357,000","357,000","357,000","357,000","357,000","675,000","450,000","459,000","405,000","750,000","500,000","510,000","450,000",Income; Base,Income; Base,Income; Base,Income; Base,"1,081","1,384","1,657","1,830","1,830","1,081","1,384","1,657","1,980",Rent; Base,Rent; Base,Rent; Base,Income; Base
205,Loyalist Tp,LT,Eastern,"419,100","419,100","419,100","405,000","419,100","594,000","468,000","468,000","405,000","660,000","520,000","520,000","450,000",Income; Base,Income; Base,Income; Base,Price; CD,955,"1,206","1,298","2,060","2,060",955,"1,206","1,298","2,142",Rent; CD,Rent; CD,Rent; CD,Income; Base
206,Lucan Biddulph Tp,LT,Western,"465,600","441,000","465,600","423,000","465,600","639,000","441,000","468,000","423,000","710,000","490,000","520,000","470,000",Income; Base,Price; CD,Income; Base,Price; CD,"1,079","1,381","1,654","1,790","1,790","1,079","1,381","1,654","1,976",Rent; CD,Rent; CD,Rent; CD,Income; Base
207,Macdonald Meredith et al Tp,ST,Northeastern,"405,000","207,000","234,000","306,000","442,400","405,000","207,000","234,000","306,000","450,000","230,000","260,000","340,000",Price; Base,Price; CD,Price; CD,Price; CD,918,"1,109","1,249","1,329","1,460",918,"1,109","1,249","1,329",Rent; CD,Rent; CD,Rent; CD,Rent; CD
208,Machar Tp,ST,Northeastern,"294,900","261,000","294,900","294,900","294,900","576,000","261,000","612,000","675,000","640,000","290,000","680,000","750,000",Income; Base,Price; Region,Income; Base,Income; Base,879,"1,173","1,430","1,530","1,530",879,"1,173","1,430","1,643",Rent; Region,Rent; Region,Rent; Region,Income; CD
209,Machin Tp,ST,Northwestern,"380,300","243,000","351,000","306,000","380,300","396,000","243,000","351,000","306,000","440,000","270,000","390,000","340,000",Income; Base,Price; Region,Price; CD,Price; Region,950,"1,005","1,479","1,851","1,940",950,"1,005","1,479","1,851",Rent; Region,Rent; CD,Rent; Region,Rent; Region
210,Madawaska Valley Tp,LT,Eastern,"285,200","285,200","285,200","279,000","285,200","495,000","369,000","387,000","279,000","550,000","410,000","430,000","310,000",Income; Base,Income; Base,Income; Base,Price; CD,"1,220","1,140","1,220","1,220","1,220","1,281","1,140","1,312","1,592",Income; Base,Rent; CD,Income; Base,Income; Base
211,Madoc Tp,LT,Eastern,"357,000","357,000","357,000","357,000","357,000","504,000","378,000","459,000","405,000","560,000","420,000","510,000","450,000",Income; Base,Income; Base,Income; Base,Income; Base,"1,065","1,340","1,484","1,858","1,940","1,065","1,340","1,484","1,858",Rent; CD,Rent; CD,Rent; CD,Rent; CD
212,Magnetawan M,ST,Northeastern,"275,500","261,000","275,500","275,500","275,500","693,000","261,000","612,000","675,000","770,000","290,000","680,000","750,000",Income; Base,Price; Region,Income; Base,Income; Base,879,"1,173","1,430","1,620","1,620",879,"1,173","1,430","1,643",Rent; Region,Rent; Region,Rent; Region,Income; Base
213,Malahide Tp,LT,Western,"430,700","430,700","430,700","430,700","430,700","774,000","450,000","513,000","513,000","860,000","500,000","570,000","570,000",Income; Base,Income; Base,Income; Base,Income; Base,959,"1,187","1,599","2,241","2,480",959,"1,187","1,599","2,241",Rent; CD,Rent; CD,Rent; CD,Rent; CD
214,Manitouwadge Tp,ST,Northwestern,"144,000","243,000","333,000","306,000","360,900","144,000","243,000","333,000","306,000","160,000","270,000","370,000","340,000",Price; Base,Price; CD,Price; CD,Price; CD,976,"1,173","1,495","1,864","1,900",976,"1,173","1,495","1,864",Rent; CD,Rent; CD,Rent; CD,Rent; CD
215,Mapleton Tp,LT,Western,"492,800","492,800","492,800","492,800","492,800","828,000","531,000","657,000","585,000","920,000","590,000","730,000","650,000",Income; Base,Income; Base,Income; Base,Income; Base,"1,317","1,602","1,781","2,045","2,420","1,317","1,602","1,781","2,045",Rent; CD,Rent; CD,Rent; CD,Rent; CD
216,Marathon T,ST,Northwestern,"216,000","243,000","333,000","306,000","415,200","216,000","243,000","333,000","306,000","240,000","270,000","370,000","340,000",Price; Base,Price; CD,Price; CD,Price; CD,976,"1,173","1,495","1,750","1,750",976,"1,173","1,495","1,864",Rent; CD,Rent; CD,Rent; CD,Income; Base
217,Markham C,LT,Central,"492,800","492,800","492,800","492,800","492,800","1,566,000","1,098,000","990,000","657,000","1,740,000","1,220,000","1,100,000","730,000",Income; Base,Income; Base,Income; Base,Income; Base,"1,297","1,885","1,996","1,969","2,480","1,297","1,885","1,996","1,969",Rent; CD,Rent; Base,Rent; Base,Rent; Base
218,Markstay-Warren M,ST,Northeastern,"384,200","261,000","252,000","324,000","384,200","396,000","261,000","252,000","324,000","440,000","290,000","280,000","360,000",Income; Base,Price; Region,Price; Region,Price; Region,879,"1,173","1,390","1,390","1,390",879,"1,173","1,430","1,643",Rent; Region,Rent; Region,Income; Base,Income; Base
219,Marmora and Lake M,LT,Eastern,"291,000","291,000","291,000","291,000","291,000","531,000","378,000","459,000","405,000","590,000","420,000","510,000","450,000",Income; Base,Income; Base,Income; Base,Income; Base,"1,065","1,340","1,484","1,600","1,600","1,065","1,340","1,484","1,858",Rent; CD,Rent; CD,Rent; CD,Income; Base
220,Matachewan Tp,ST,Northeastern,"297,000","261,000","243,000","324,000","341,500","297,000","261,000","243,000","324,000","330,000","290,000","270,000","360,000",Price; CD,Price; Region,Price; CD,Price; Region,879,"1,173","1,380","1,380","1,380",879,"1,173","1,430","1,643",Rent; Region,Rent; Region,Income; CD,Income; CD
221,Mattawa T,ST,Northeastern,"246,800","246,800","246,800","246,800","246,800","279,000","333,000","306,000","333,000","310,000","370,000","340,000","370,000",Income; Base,Income; Base,Income; Base,Income; Base,807,"1,051","1,270","1,270","1,270",807,"1,051","1,367","1,682",Rent; CD,Rent; CD,Income; Base,Income; Base
222,Mattawan M,ST,Northeastern,"337,600","333,000","306,000","333,000","337,600","450,000","333,000","306,000","333,000","500,000","370,000","340,000","370,000",Income; CD,Price; CD,Price; CD,Price; CD,807,"1,051","1,367","1,570","1,570",807,"1,051","1,367","1,682",Rent; CD,Rent; CD,Rent; CD,Income; CD
223,Mattice - Val Cote Tp,ST,Northeastern,"279,000","198,000","207,000","314,300","314,300","279,000","198,000","207,000","315,000","310,000","220,000","230,000","350,000",Price; CD,Price; CD,Price; CD,Income; Base,859,"1,185","1,299","1,410","1,620",859,"1,185","1,299","1,410",Rent; CD,Rent; CD,Rent; CD,Rent; CD
224,McDougall Tp,ST,Northeastern,"423,000","261,000","423,000","423,000","423,000","747,000","261,000","612,000","675,000","830,000","290,000","680,000","750,000",Income; Base,Price; Region,Income; Base,Income; Base,879,"1,173","1,430","1,590","1,590",879,"1,173","1,430","1,643",Rent; Region,Rent; Region,Rent; Region,Income; Base
225,McGarry Tp,ST,Northeastern,"260,000","260,000","243,000","260,000","260,000","297,000","261,000","243,000","324,000","330,000","290,000","270,000","360,000",Income; Base,Income; Base,Price; CD,Income; Base,879,"1,173","1,380","1,380","1,380",879,"1,173","1,430","1,643",Rent; Region,Rent; Region,Income; CD,Income; CD
226,McKellar Tp,ST,Northeastern,"325,900","261,000","325,900","325,900","325,900","936,000","261,000","612,000","675,000","1,040,000","290,000","680,000","750,000",Income; Base,Price; Region,Income; Base,Income; Base,879,"1,173","1,430","1,530","1,530",879,"1,173","1,430","1,643",Rent; Region,Rent; Region,Rent; Region,Income; CD
227,McMurrich-Monteith Tp,ST,Northeastern,"285,200","261,000","285,200","285,200","285,200","576,000","261,000","612,000","675,000","640,000","290,000","680,000","750,000",Income; Base,Price; Region,Income; Base,Income; Base,879,"1,173","1,430","1,530","1,530",879,"1,173","1,430","1,643",Rent; Region,Rent; Region,Rent; Region,Income; CD
228,McNab-Braeside Tp,LT,Eastern,"442,400","369,000","387,000","279,000","442,400","603,000","369,000","387,000","279,000","670,000","410,000","430,000","310,000",Income; Base,Price; CD,Price; CD,Price; CD,"1,281","1,140","1,312","1,592","2,140","1,281","1,140","1,312","1,592",Rent; Region,Rent; CD,Rent; CD,Rent; CD
229,Meaford M,LT,Western,"368,600","368,600","368,600","368,600","368,600","819,000","621,000","486,000","630,000","910,000","690,000","540,000","700,000",Income; Base,Income; Base,Income; Base,Income; Base,929,926,"1,231","1,350","1,580",929,926,"1,231","1,350",Rent; CD,Rent; Base,Rent; Base,Rent; CD
230,Melancthon Tp,LT,Western,"450,100","450,100","450,100","450,100","450,100","927,000","594,000","639,000","558,000","1,030,000","660,000","710,000","620,000",Income; Base,Income; Base,Income; Base,Income; Base,"1,350","1,463","1,714","1,714","3,020","1,350","1,463","1,714","1,714",Rent; CD,Rent; CD,Rent; CD,Rent; CD
231,Merrickville-Wolford V,LT,Eastern,"423,000","387,000","387,000","405,000","423,000","558,000","387,000","387,000","405,000","620,000","430,000","430,000","450,000",Income; Base,Price; CD,Price; CD,Price; CD,976,"1,175","1,322","1,247","1,910",976,"1,175","1,322","1,247",Rent; CD,Rent; CD,Rent; CD,Rent; CD
232,Middlesex Centre M,LT,Western,"570,400","441,000","570,400","570,400","570,400","963,000","441,000","648,000","684,000","1,070,000","490,000","720,000","760,000",Income; Base,Price; CD,Income; Base,Income; Base,"1,079","1,381","1,654","1,976","2,270","1,079","1,381","1,654","1,976",Rent; CD,Rent; CD,Rent; CD,Rent; CD
233,Midland T,LT,Central,"318,200","318,200","318,200","318,200","318,200","612,000","459,000","549,000","540,000","680,000","510,000","610,000","600,000",Income; Base,Income; Base,Income; Base,Income; Base,"1,003","1,286","1,576","1,620","1,620","1,003","1,286","1,576","1,833",Rent; CD,Rent; Base,Rent; Base,Income; Base
234,Milton T,LT,Central,"566,500","566,500","566,500","566,500","566,500","1,215,000","909,000","801,000","576,000","1,350,000","1,010,000","890,000","640,000",Income; Base,Income; Base,Income; Base,Income; Base,"1,460","1,670","1,801","2,407","3,050","1,460","1,670","1,801","2,407",Rent; CD,Rent; Base,Rent; Base,Rent; CD
235,Minden Hills Tp,LT,Eastern,"333,700","333,700","333,700","333,700","333,700","675,000","414,000","477,000","504,000","750,000","460,000","530,000","560,000",Income; Base,Income; Base,Income; Base,Income; Base,"1,281","1,533","1,620","1,620","1,620","1,281","1,533","1,762","2,142",Rent; Region,Rent; Region,Income; Base,Income; Base
236,Minto T,LT,Western,"391,900","391,900","391,900","391,900","391,900","621,000","639,000","657,000","585,000","690,000","710,000","730,000","650,000",Income; Base,Income; Base,Income; Base,Income; Base,"1,317","1,602","1,781","1,810","1,810","1,317","1,602","1,781","2,045",Rent; CD,Rent; CD,Rent; CD,Income; Base
237,Mississauga C,LT,Central,"469,500","469,500","469,500","469,500","469,500","1,404,000","918,000","774,000","567,000","1,560,000","1,020,000","860,000","630,000",Income; Base,Income; Base,Income; Base,Income; Base,"1,262","1,746","2,005","2,109","2,480","1,262","1,746","2,005","2,109",Rent; Base,Rent; Base,Rent; Base,Rent; Base
238,Mississippi Mills M,LT,Eastern,"454,000","454,000","454,000","454,000","454,000","639,000","531,000","504,000","468,000","710,000","590,000","560,000","520,000",Income; Base,Income; Base,Income; Base,Income; Base,"1,281","1,519","1,900","1,900","1,900","1,281","1,519","2,361","2,142",Rent; Region,Rent; CD,Income; Base,Income; Base
239,Mono T,LT,Western,"651,900","594,000","639,000","558,000","651,900","1,467,000","594,000","639,000","558,000","1,630,000","660,000","710,000","620,000",Income; Base,Price; CD,Price; CD,Price; CD,"1,350","1,463","1,714","1,714","3,260","1,350","1,463","1,714","1,714",Rent; CD,Rent; CD,Rent; CD,Rent; CD
240,Montague Tp,LT,Eastern,"454,000","454,000","454,000","387,000","454,000","567,000","459,000","522,000","387,000","630,000","510,000","580,000","430,000",Income; Base,Income; Base,Income; Base,Price; CD,"1,281","1,519","2,361","2,142","2,420","1,281","1,519","2,361","2,142",Rent; Region,Rent; CD,Rent; CD,Rent; Region
241,Moonbeam Tp,ST,Northeastern,"306,000","198,000","207,000","315,000","395,800","306,000","198,000","207,000","315,000","340,000","220,000","230,000","350,000",Price; Base,Price; CD,Price; CD,Price; CD,859,"1,185","1,299","1,410","1,620",859,"1,185","1,299","1,410",Rent; CD,Rent; CD,Rent; CD,Rent; CD
242,Moosonee T,ST,Northeastern,"279,000","198,000","207,000","315,000","426,800","279,000","198,000","207,000","315,000","310,000","220,000","230,000","350,000",Price; CD,Price; CD,Price; CD,Price; CD,859,"1,185","1,299","1,410","2,660",859,"1,185","1,299","1,410",Rent; CD,Rent; CD,Rent; CD,Rent; CD
243,Morley Tp,ST,Northwestern,"270,000","243,000","324,000","306,000","446,200","270,000","243,000","324,000","306,000","300,000","270,000","360,000","340,000",Price; CD,Price; Region,Price; Region,Price; Region,950,"1,163","1,479","1,660","1,660",950,"1,163","1,479","1,851",Rent; Region,Rent; Region,Rent; Region,Income; CD
244,Morris-Turnberry M,LT,Western,"391,900","391,900","391,900","391,900","391,900","576,000","450,000","459,000","495,000","640,000","500,000","510,000","550,000",Income; Base,Income; Base,Income; Base,Income; Base,"1,082","1,205","1,804","1,744","1,990","1,082","1,205","1,804","1,744",Rent; Region,Rent; CD,Rent; CD,Rent; Region
245,Mulmur Tp,LT,Western,"523,800","523,800","523,800","523,800","523,800","1,233,000","594,000","639,000","558,000","1,370,000","660,000","710,000","620,000",Income; Base,Income; Base,Income; Base,Income; Base,"1,350","1,463","1,714","1,714","2,120","1,350","1,463","1,714","1,714",Rent; CD,Rent; CD,Rent; CD,Rent; CD
246,Muskoka Lakes Tp,LT,Central,"403,600","403,600","403,600","403,600","403,600","2,187,000","522,000","4,005,000","1,791,000","2,430,000","580,000","4,450,000","1,990,000",Income; Base,Income; Base,Income; Base,Income; Base,"1,012","1,347","1,560","1,850","1,850","1,012","1,347","1,560","2,418",Rent; CD,Rent; CD,Rent; CD,Income; Base
247,Nairn and Hyman Tp,ST,Northeastern,"387,000","261,000","252,000","324,000","419,100","387,000","261,000","252,000","324,000","430,000","290,000","280,000","360,000",Price; CD,Price; Region,Price; Region,Price; Region,879,"1,173","1,430","1,620","1,620",879,"1,173","1,430","1,643",Rent; Region,Rent; Region,Rent; Region,Income; CD
248,Neebing M,ST,Northwestern,"396,000","243,000","333,000","306,000","430,700","396,000","243,000","333,000","306,000","440,000","270,000","370,000","340,000",Price; Base,Price; CD,Price; CD,Price; CD,976,"1,173","1,495","1,690","1,690",976,"1,173","1,495","1,864",Rent; CD,Rent; CD,Rent; CD,Income; CD
249,New Tecumseth T,LT,Central,"465,600","465,600","465,600","465,600","465,600","945,000","666,000","684,000","603,000","1,050,000","740,000","760,000","670,000",Income; Base,Income; Base,Income; Base,Income; Base,"1,003","1,248","1,419","1,833","2,320","1,003","1,248","1,419","1,833",Rent; CD,Rent; Base,Rent; Base,Rent; CD
250,Newbury V,LT,Western,"333,700","333,700","333,700","333,700","333,700","693,000","441,000","468,000","423,000","770,000","490,000","520,000","470,000",Income; Base,Income; Base,Income; Base,Income; Base,"1,079","1,381","1,654","1,830","1,830","1,079","1,381","1,654","1,976",Rent; CD,Rent; CD,Rent; CD,Income; CD
251,Newmarket T,LT,Central,"504,400","504,400","504,400","504,400","504,400","1,152,000","837,000","810,000","567,000","1,280,000","930,000","900,000","630,000",Income; Base,Income; Base,Income; Base,Income; Base,"1,297","1,951","2,380","2,380","2,380","1,297","1,951","2,415","2,658",Rent; CD,Rent; Base,Income; Base,Income; Base
252,Niagara Falls C,LT,Central,"345,300","345,300","345,300","345,300","345,300","648,000","513,000","540,000","441,000","720,000","570,000","600,000","490,000",Income; Base,Income; Base,Income; Base,Income; Base,931,"1,416","1,585","1,639","1,760",931,"1,416","1,585","1,639",Rent; Base,Rent; Base,Rent; Base,Rent; Base
253,Niagara-on-the-Lake T,LT,Central,"450,100","450,100","450,100","450,100","450,100","1,260,000","765,000","864,000","765,000","1,400,000","850,000","960,000","850,000",Income; Base,Income; Base,Income; Base,Income; Base,"1,183","1,313","1,527","1,643","2,110","1,183","1,313","1,527","1,643",Rent; CD,Rent; CD,Rent; CD,Rent; CD
254,Nipigon Tp,ST,Northwestern,"216,000","243,000","325,900","306,000","325,900","216,000","243,000","333,000","306,000","240,000","270,000","370,000","340,000",Price; Base,Price; CD,Income; Base,Price; CD,976,"1,173","1,495","1,690","1,690",976,"1,173","1,495","1,864",Rent; CD,Rent; CD,Rent; CD,Income; CD
255,Nipissing Tp,ST,Northeastern,"372,500","261,000","372,500","372,500","372,500","549,000","261,000","612,000","675,000","610,000","290,000","680,000","750,000",Income; Base,Price; Region,Income; Base,Income; Base,879,"1,173","1,430","1,530","1,530",879,"1,173","1,430","1,643",Rent; Region,Rent; Region,Rent; Region,Income; CD
256,Norfolk County,ST,Western,"376,400","376,400","376,400","376,400","376,400","648,000","513,000","549,000","594,000","720,000","570,000","610,000","660,000",Income; Base,Income; Base,Income; Base,Income; Base,667,"1,004",993,"1,744","1,750",667,"1,004",993,"1,744",Rent; Base,Rent; Base,Rent; Base,Rent; Region
257,North Algona-Wilberforce Tp,LT,Eastern,"372,500","369,000","372,500","279,000","372,500","486,000","369,000","387,000","279,000","540,000","410,000","430,000","310,000",Income; Base,Price; CD,Income; Base,Price; CD,"1,281","1,140","1,312","1,592","1,810","1,281","1,140","1,312","1,592",Rent; Region,Rent; CD,Rent; CD,Rent; CD
258,North Bay C,ST,Northeastern,"333,700","333,000","297,000","324,000","333,700","459,000","333,000","297,000","324,000","510,000","370,000","330,000","360,000",Income; Base,Price; Base,Price; Base,Price; Base,827,"1,071","1,400","1,630","1,630",827,"1,071","1,400","1,728",Rent; Base,Rent; Base,Rent; Base,Income; Base
259,North Dumfries Tp,LT,Western,"582,000","582,000","582,000","459,000","582,000","990,000","630,000","675,000","459,000","1,100,000","700,000","750,000","510,000",Income; Base,Income; Base,Income; Base,Price; CD,"1,261","1,545","1,832","1,980","2,480","1,261","1,545","1,832","1,980",Rent; CD,Rent; CD,Rent; CD,Rent; CD
260,North Dundas Tp,LT,Eastern,"415,200","351,000","324,000","324,000","415,200","486,000","351,000","324,000","324,000","540,000","390,000","360,000","360,000",Income; Base,Price; CD,Price; CD,Price; CD,951,"1,078","1,277","1,363","1,960",951,"1,078","1,277","1,363",Rent; CD,Rent; CD,Rent; CD,Rent; CD
261,North Frontenac Tp,LT,Eastern,"322,100","322,100","322,100","322,100","322,100","522,000","459,000","513,000","432,000","580,000","510,000","570,000","480,000",Income; Base,Income; Base,Income; Base,Income; Base,"1,202","1,505","1,767","1,870","1,870","1,202","1,505","1,767","2,710",Rent; CD,Rent; CD,Rent; CD,Income; CD
262,North Glengarry Tp,LT,Eastern,"325,900","325,900","324,000","324,000","325,900","396,000","351,000","324,000","324,000","440,000","390,000","360,000","360,000",Income; Base,Income; Base,Price; CD,Price; CD,951,"1,078","1,277","1,363","1,540",951,"1,078","1,277","1,363",Rent; CD,Rent; CD,Rent; CD,Rent; CD
263,North Grenville M,LT,Eastern,"488,900","488,900","450,000","333,000","488,900","648,000","522,000","450,000","333,000","720,000","580,000","500,000","370,000",Income; Base,Income; Base,Price; Base,Price; Base,976,"1,175","1,322","1,247","2,170",976,"1,175","1,322","1,247",Rent; CD,Rent; CD,Rent; CD,Rent; CD
264,North Huron Tp,LT,Western,"341,500","341,500","341,500","341,500","341,500","477,000","450,000","459,000","495,000","530,000","500,000","510,000","550,000",Income; Base,Income; Base,Income; Base,Income; Base,"1,082","1,205","1,380","1,380","1,380","1,082","1,205","1,804","1,744",Rent; Region,Rent; CD,Income; Base,Income; Base
265,North Kawartha Tp,LT,Eastern,"345,300","345,300","345,300","345,300","345,300","810,000","486,000","531,000","558,000","900,000","540,000","590,000","620,000",Income; Base,Income; Base,Income; Base,Income; Base,990,"1,060","1,060","1,060","1,060",990,"1,245","1,518","1,730",Rent; CD,Income; Base,Income; Base,Income; Base
266,North Middlesex M,LT,Western,"407,400","407,400","407,400","407,400","407,400","612,000","441,000","468,000","423,000","680,000","490,000","520,000","470,000",Income; Base,Income; Base,Income; Base,Income; Base,"1,079","1,381","1,654","1,820","1,820","1,079","1,381","1,654","1,976",Rent; CD,Rent; CD,Rent; CD,Income; Base
267,North Perth M,LT,Western,"380,300","380,300","380,300","380,300","380,300","639,000","513,000","504,000","441,000","710,000","570,000","560,000","490,000",Income; Base,Income; Base,Income; Base,Income; Base,"1,117","1,398","1,247","1,434","1,850","1,117","1,398","1,247","1,434",Rent; Base,Rent; Base,Rent; Base,Rent; Base
268,North Stormont Tp,LT,Eastern,"415,200","351,000","324,000","324,000","415,200","432,000","351,000","324,000","324,000","480,000","390,000","360,000","360,000",Income; Base,Price; CD,Price; CD,Price; CD,951,"1,078","1,277","1,363","2,110",951,"1,078","1,277","1,363",Rent; CD,Rent; CD,Rent; CD,Rent; CD
269,Northeastern Manitoulin & The Isl T,ST,Northeastern,"360,900","261,000","252,000","324,000","360,900","432,000","261,000","252,000","324,000","480,000","290,000","280,000","360,000",Income; Base,Price; Region,Price; Region,Price; Region,879,"1,173","1,410","1,410","1,410",879,"1,173","1,430","1,643",Rent; Region,Rent; Region,Income; Base,Income; Base
270,Northern Bruce Peninsula M,LT,Western,"337,600","337,600","337,600","337,600","337,600","657,000","459,000","531,000","549,000","730,000","510,000","590,000","610,000",Income; Base,Income; Base,Income; Base,Income; Base,"1,082","1,254","1,710","1,710","1,710","1,082","1,254","1,783","1,828",Rent; Region,Rent; CD,Income; Base,Income; Base
271,Norwich Tp,LT,Western,"426,800","426,800","426,800","426,800","426,800","765,000","495,000","477,000","576,000","850,000","550,000","530,000","640,000",Income; Base,Income; Base,Income; Base,Income; Base,"1,026","1,350","1,572","1,926","2,200","1,026","1,350","1,572","1,926",Rent; CD,Rent; CD,Rent; CD,Rent; CD
272,Oakville T,LT,Central,"609,200","609,200","609,200","609,200","609,200","1,854,000","1,053,000","1,008,000","684,000","2,060,000","1,170,000","1,120,000","760,000",Income; Base,Income; Base,Income; Base,Income; Base,"1,477","1,915","2,337","2,439","2,720","1,477","1,915","2,337","2,439",Rent; Base,Rent; Base,Rent; Base,Rent; Base
273,O'Connor Tp,ST,Northwestern,"351,000","243,000","333,000","306,000","481,200","351,000","243,000","333,000","306,000","390,000","270,000","370,000","340,000",Price; CD,Price; CD,Price; CD,Price; CD,976,"1,173","1,495","1,690","1,690",976,"1,173","1,495","1,864",Rent; CD,Rent; CD,Rent; CD,Income; CD
274,Oil Springs V,LT,Western,"426,800","360,000","342,000","405,000","426,800","567,000","360,000","342,000","405,000","630,000","400,000","380,000","450,000",Income; Base,Price; CD,Price; CD,Price; CD,988,"1,249","1,522","1,712","1,730",988,"1,249","1,522","1,712",Rent; CD,Rent; CD,Rent; CD,Rent; CD
275,Oliver Paipoonge M,ST,Northwestern,"468,000","243,000","333,000","306,000","485,000","468,000","243,000","333,000","306,000","520,000","270,000","370,000","340,000",Price; Base,Price; CD,Price; CD,Price; CD,976,"1,173","1,495","1,864","2,200",976,"1,173","1,495","1,864",Rent; CD,Rent; CD,Rent; CD,Rent; CD
276,Opasatika Tp,ST,Northeastern,"279,000","198,000","207,000","315,000","376,400","279,000","198,000","207,000","315,000","310,000","220,000","230,000","350,000",Price; CD,Price; CD,Price; CD,Price; CD,859,"1,185","1,299","1,410","1,620",859,"1,185","1,299","1,410",Rent; CD,Rent; CD,Rent; CD,Rent; CD
277,Orangeville T,LT,Western,"469,500","469,500","469,500","459,000","469,500","855,000","603,000","639,000","459,000","950,000","670,000","710,000","510,000",Income; Base,Income; Base,Income; Base,Price; Base,"1,350","1,463","1,714","1,714","2,060","1,350","1,463","1,714","1,714",Rent; Base,Rent; Base,Rent; Base,Rent; Base
278,Orillia C,ST,Central,"329,800","329,800","329,800","329,800","329,800","657,000","639,000","567,000","630,000","730,000","710,000","630,000","700,000",Income; Base,Income; Base,Income; Base,Income; Base,923,"1,475","1,556","1,710","1,710",923,"1,475","1,556","1,744",Rent; Base,Rent; Base,Rent; Base,Income; Base
279,Oro-Medonte Tp,LT,Central,"527,700","527,700","527,700","459,000","527,700","1,044,000","639,000","711,000","459,000","1,160,000","710,000","790,000","510,000",Income; Base,Income; Base,Income; Base,Price; Base,"1,003","1,475","1,651","1,833","2,690","1,003","1,475","1,651","1,833",Rent; CD,Rent; CD,Rent; CD,Rent; CD
280,Oshawa C,LT,Central,"391,900","391,900","391,900","391,900","391,900","810,000","612,000","603,000","486,000","900,000","680,000","670,000","540,000",Income; Base,Income; Base,Income; Base,Income; Base,"1,318","1,598","1,771","2,020","2,020","1,318","1,598","1,771","2,095",Rent; Base,Rent; Base,Rent; Base,Income; Base
281,Otonabee-South Monaghan Tp,LT,Eastern,"434,600","434,600","434,600","434,600","434,600","801,000","486,000","531,000","558,000","890,000","540,000","590,000","620,000",Income; Base,Income; Base,Income; Base,Income; Base,990,"1,245","1,518","1,730","1,880",990,"1,245","1,518","1,730",Rent; CD,Rent; CD,Rent; CD,Rent; CD
282,Ottawa C,ST,Eastern,"473,400","473,400","473,400","432,000","473,400","828,000","675,000","513,000","432,000","920,000","750,000","570,000","480,000",Income; Base,Income; Base,Income; Base,Price; Base,"1,331","1,597","1,926","2,203","2,300","1,331","1,597","1,926","2,203",Rent; Base,Rent; Base,Rent; Base,Rent; Base
283,Owen Sound C,LT,Western,"293,000","293,000","293,000","293,000","293,000","495,000","360,000","405,000","396,000","550,000","400,000","450,000","440,000",Income; Base,Income; Base,Income; Base,Income; Base,936,"1,130","1,263","1,376","1,480",936,"1,130","1,263","1,376",Rent; Base,Rent; Base,Rent; Base,Rent; Base
284,Papineau-Cameron Tp,ST,Northeastern,"360,000","333,000","306,000","333,000","411,300","360,000","333,000","306,000","333,000","400,000","370,000","340,000","370,000",Price; Base,Price; CD,Price; CD,Price; CD,807,"1,051","1,367","1,570","1,570",807,"1,051","1,367","1,682",Rent; CD,Rent; CD,Rent; CD,Income; CD
285,Parry Sound T,ST,Northeastern,"294,900","261,000","294,900","294,900","294,900","522,000","261,000","612,000","639,000","580,000","290,000","680,000","710,000",Income; Base,Price; Region,Income; Base,Income; Base,879,"1,173","1,430","1,560","1,560",879,"1,173","1,430","1,643",Rent; Region,Rent; Region,Rent; Region,Income; Base
286,Pelee Tp,ST,Western,"380,300","380,300","380,300","369,000","380,300","585,000","504,000","468,000","369,000","650,000","560,000","520,000","410,000",Income; CD,Income; CD,Income; CD,Price; CD,942,"1,192","1,454","1,710","1,710",942,"1,192","1,454","1,744",Rent; CD,Rent; CD,Rent; CD,Income; CD
287,Pelham T,LT,Central,"500,600","500,600","500,600","500,600","500,600","963,000","531,000","738,000","504,000","1,070,000","590,000","820,000","560,000",Income; Base,Income; Base,Income; Base,Income; Base,"1,183","1,313","1,527","1,643","1,910","1,183","1,313","1,527","1,643",Rent; CD,Rent; CD,Rent; CD,Rent; CD
288,Pembroke C,ST,Eastern,"291,000","291,000","279,000","279,000","291,000","342,000","306,000","279,000","279,000","380,000","340,000","310,000","310,000",Income; Base,Income; Base,Price; Base,Price; CD,855,953,"1,207","1,510","1,510",855,953,"1,207","1,592",Rent; Base,Rent; Base,Rent; Base,Income; Base
289,Penetanguishene T,LT,Central,"345,300","345,300","345,300","345,300","345,300","666,000","396,000","585,000","567,000","740,000","440,000","650,000","630,000",Income; Base,Income; Base,Income; Base,Income; Base,"1,003","1,302","1,360","1,360","1,360","1,003","1,302","1,423","1,833",Rent; CD,Rent; Base,Income; Base,Income; Base
290,Perry Tp,ST,Northeastern,"333,700","261,000","333,700","333,700","333,700","621,000","261,000","612,000","675,000","690,000","290,000","680,000","750,000",Income; Base,Price; Region,Income; Base,Income; Base,879,"1,173","1,430","1,630","1,630",879,"1,173","1,430","1,643",Rent; Region,Rent; Region,Rent; Region,Income; Base
291,Perth East Tp,LT,Western,"438,500","438,500","438,500","438,500","438,500","711,000","495,000","513,000","441,000","790,000","550,000","570,000","490,000",Income; Base,Income; Base,Income; Base,Income; Base,"1,083","1,494","1,564","1,698","2,290","1,083","1,494","1,564","1,698",Rent; CD,Rent; CD,Rent; CD,Rent; CD
292,Perth South Tp,LT,Western,"465,600","465,600","465,600","441,000","465,600","810,000","495,000","513,000","441,000","900,000","550,000","570,000","490,000",Income; Base,Income; Base,Income; Base,Price; CD,"1,083","1,494","1,564","1,698","2,150","1,083","1,494","1,564","1,698",Rent; CD,Rent; CD,Rent; CD,Rent; CD
293,Perth T,LT,Eastern,"298,800","298,800","298,800","298,800","298,800","504,000","459,000","414,000","333,000","560,000","510,000","460,000","370,000",Income; Base,Income; Base,Income; Base,Income; Base,"1,281","1,519","1,630","1,630","1,630","1,281","1,519","2,361","2,142",Rent; Region,Rent; CD,Income; Base,Income; Base
294,Petawawa T,LT,Eastern,"450,100","369,000","351,000","279,000","450,100","468,000","369,000","351,000","279,000","520,000","410,000","390,000","310,000",Income; Base,Price; CD,Price; Base,Price; CD,"1,281","1,079","1,225","1,104","2,810","1,281","1,079","1,225","1,104",Rent; Region,Rent; Base,Rent; Base,Rent; Base
295,Peterborough C,ST,Eastern,"329,800","329,800","329,800","329,800","329,800","612,000","486,000","522,000","486,000","680,000","540,000","580,000","540,000",Income; Base,Income; Base,Income; Base,Income; Base,988,"1,250","1,523","1,710","1,710",988,"1,250","1,523","1,730",Rent; Base,Rent; Base,Rent; Base,Income; Base
296,Petrolia T,LT,Western,"384,200","360,000","342,000","384,200","384,200","468,000","360,000","342,000","405,000","520,000","400,000","380,000","450,000",Income; Base,Price; CD,Price; CD,Income; Base,988,"1,249","1,522","1,630","1,630",988,"1,249","1,522","1,712",Rent; CD,Rent; CD,Rent; CD,Income; Base
297,Pickering C,LT,Central,"539,400","539,400","539,400","539,400","539,400","1,161,000","819,000","693,000","540,000","1,290,000","910,000","770,000","600,000",Income; Base,Income; Base,Income; Base,Income; Base,"1,330","1,573","1,748","1,828","2,540","1,330","1,573","1,748","1,828",Rent; CD,Rent; CD,Rent; CD,Rent; Base
298,Pickle Lake Tp,ST,Northwestern,"289,100","243,000","289,100","289,100","289,100","396,000","243,000","351,000","306,000","440,000","270,000","390,000","340,000",Income; Base,Price; Region,Income; Base,Income; Base,950,"1,005","1,479","1,730","1,730",950,"1,005","1,479","1,851",Rent; Region,Rent; CD,Rent; Region,Income; Base
299,Plummer Additional Tp,ST,Northeastern,"271,600","207,000","234,000","271,600","271,600","342,000","207,000","234,000","306,000","380,000","230,000","260,000","340,000",Income; Base,Price; CD,Price; CD,Income; Base,918,"1,109","1,249","1,329","1,460",918,"1,109","1,249","1,329",Rent; CD,Rent; CD,Rent; CD,Rent; CD
300,Plympton-Wyoming T,LT,Western,"488,900","360,000","342,000","405,000","488,900","720,000","360,000","342,000","405,000","800,000","400,000","380,000","450,000",Income; Base,Price; CD,Price; CD,Price; CD,988,"1,249","1,522","1,712","2,180",988,"1,249","1,522","1,712",Rent; CD,Rent; CD,Rent; CD,Rent; CD
301,Point Edward V,LT,Western,"391,900","360,000","342,000","391,900","391,900","459,000","360,000","342,000","459,000","510,000","400,000","380,000","510,000",Income; Base,Price; CD,Price; CD,Income; Base,988,"1,249","1,522","1,712","2,420",988,"1,249","1,522","1,712",Rent; CD,Rent; CD,Rent; CD,Rent; CD
302,Port Colborne C,LT,Central,"333,700","333,700","333,700","333,700","333,700","567,000","531,000","459,000","486,000","630,000","590,000","510,000","540,000",Income; Base,Income; Base,Income; Base,Income; Base,"1,183","1,082","1,118","1,510","1,510","1,183","1,082","1,118","1,643",Rent; CD,Rent; Base,Rent; Base,Income; Base
303,Port Hope M,LT,Eastern,"407,400","407,400","407,400","407,400","407,400","756,000","558,000","549,000","486,000","840,000","620,000","610,000","540,000",Income; Base,Income; Base,Income; Base,Income; Base,"1,148","1,585","1,588","1,630","1,630","1,148","1,585","1,588","1,895",Rent; CD,Rent; Base,Rent; Base,Income; Base
304,Powassan M,ST,Northeastern,"360,900","261,000","360,900","360,900","360,900","495,000","261,000","612,000","675,000","550,000","290,000","680,000","750,000",Income; Base,Price; Region,Income; Base,Income; Base,879,"1,173","1,340","1,340","1,340",879,"1,173","1,430","1,643",Rent; Region,Rent; Region,Income; Base,Income; Base
305,Prescott ST,ST,Eastern,"281,300","281,300","281,300","281,300","281,300","369,000","288,000","387,000","405,000","410,000","320,000","430,000","450,000",Income; Base,Income; Base,Income; Base,Income; Base,976,"1,175","1,322","1,247","1,420",976,"1,175","1,322","1,247",Rent; CD,Rent; CD,Rent; CD,Rent; CD
306,Prince Edward County C,ST,Eastern,"376,400","376,400","376,400","376,400","376,400","801,000","414,000","531,000","666,000","890,000","460,000","590,000","740,000",Income; Base,Income; Base,Income; Base,Income; Base,"1,281","1,352","1,362","1,790","1,790","1,281","1,352","1,362","2,142",Rent; Region,Rent; Base,Rent; Base,Income; Base
307,Prince Tp,ST,Northeastern,"342,000","207,000","234,000","306,000","512,200","342,000","207,000","234,000","306,000","380,000","230,000","260,000","340,000",Price; CD,Price; CD,Price; CD,Price; CD,918,"1,109","1,249","1,329","1,460",918,"1,109","1,249","1,329",Rent; CD,Rent; CD,Rent; CD,Rent; CD
308,Puslinch Tp,LT,Western,"644,100","639,000","644,100","644,100","644,100","1,629,000","639,000","1,071,000","1,467,000","1,810,000","710,000","1,190,000","1,630,000",Income; Base,Price; CD,Income; Base,Income; Base,"1,317","1,602","1,781","2,045","2,810","1,317","1,602","1,781","2,045",Rent; CD,Rent; CD,Rent; CD,Rent; CD
309,Quinte West C,ST,Eastern,"372,500","372,500","372,500","372,500","372,500","540,000","396,000","486,000","450,000","600,000","440,000","540,000","500,000",Income; Base,Income; Base,Income; Base,Income; Base,"1,065","1,392","1,422","1,858","1,990","1,065","1,392","1,422","1,858",Rent; CD,Rent; Base,Rent; Base,Rent; CD
310,Rainy River T,ST,Northwestern,"270,000","243,000","324,000","306,000","333,700","270,000","243,000","324,000","306,000","300,000","270,000","360,000","340,000",Price; CD,Price; Region,Price; Region,Price; Region,950,"1,163","1,320","1,320","1,320",950,"1,163","1,479","1,851",Rent; Region,Rent; Region,Income; Base,Income; Base
311,Ramara Tp,LT,Central,"399,700","399,700","399,700","399,700","399,700","810,000","639,000","468,000","567,000","900,000","710,000","520,000","630,000",Income; Base,Income; Base,Income; Base,Income; Base,"1,003","1,475","1,651","1,833","2,020","1,003","1,475","1,651","1,833",Rent; CD,Rent; CD,Rent; CD,Rent; CD
312,Red Lake M,ST,Northwestern,"234,000","243,000","351,000","306,000","531,600","234,000","243,000","351,000","306,000","260,000","270,000","390,000","340,000",Price; Base,Price; Region,Price; CD,Price; Region,950,"1,005","1,479","1,851","2,510",950,"1,005","1,479","1,851",Rent; Region,Rent; CD,Rent; Region,Rent; Region
313,Red Rock Tp,ST,Northwestern,"341,500","243,000","333,000","306,000","341,500","351,000","243,000","333,000","306,000","390,000","270,000","370,000","340,000",Income; Base,Price; CD,Price; CD,Price; CD,976,"1,173","1,495","1,690","1,690",976,"1,173","1,495","1,864",Rent; CD,Rent; CD,Rent; CD,Income; Base
314,Renfrew T,LT,Eastern,"287,100","287,100","287,100","279,000","287,100","360,000","369,000","360,000","279,000","400,000","410,000","400,000","310,000",Income; Base,Income; Base,Income; Base,Price; CD,"1,281","1,140","1,312","1,440","1,440","1,281","1,140","1,312","1,592",Rent; Region,Rent; CD,Rent; CD,Income; Base
315,Richmond Hill C,LT,Central,"488,900","488,900","488,900","488,900","488,900","1,719,000","1,071,000","1,017,000","594,000","1,910,000","1,190,000","1,130,000","660,000",Income; Base,Income; Base,Income; Base,Income; Base,"1,328","1,583","1,827","2,260","2,260","1,328","1,583","1,827","2,332",Rent; Base,Rent; Base,Rent; Base,Income; Base
316,Rideau Lakes Tp,LT,Eastern,"380,300","380,300","380,300","380,300","380,300","603,000","387,000","387,000","405,000","670,000","430,000","430,000","450,000",Income; Base,Income; Base,Income; Base,Income; Base,976,"1,175","1,322","1,247","2,140",976,"1,175","1,322","1,247",Rent; CD,Rent; CD,Rent; CD,Rent; CD
317,Russell Tp,LT,Eastern,"547,100","513,000","459,000","351,000","547,100","621,000","513,000","459,000","351,000","690,000","570,000","510,000","390,000",Income; Base,Price; Base,Price; Base,Price; Base,590,948,"1,463","2,140","2,140",590,948,"1,463","2,142",Rent; CD,Rent; CD,Rent; CD,Income; Base
318,Ryerson Tp,ST,Northeastern,"296,800","261,000","296,800","296,800","296,800","675,000","261,000","612,000","675,000","750,000","290,000","680,000","750,000",Income; Base,Price; Region,Income; Base,Income; Base,879,"1,173","1,430","1,530","1,530",879,"1,173","1,430","1,643",Rent; Region,Rent; Region,Rent; Region,Income; CD
319,Sables-Spanish Rivers Tp,ST,Northeastern,"318,200","261,000","252,000","318,200","318,200","351,000","261,000","252,000","324,000","390,000","290,000","280,000","360,000",Income; Base,Price; Region,Price; Region,Income; Base,879,"1,173","1,430","1,480","1,480",879,"1,173","1,430","1,643",Rent; Region,Rent; Region,Rent; Region,Income; Base
320,Sarnia C,LT,Western,"364,700","333,000","297,000","360,000","364,700","522,000","333,000","297,000","360,000","580,000","370,000","330,000","400,000",Income; Base,Price; Base,Price; Base,Price; Base,988,"1,249","1,527","1,700","1,700",988,"1,249","1,527","1,826",Rent; Base,Rent; Base,Rent; Base,Income; Base
321,Saugeen Shores T,LT,Western,"492,800","432,000","492,800","492,800","492,800","738,000","432,000","549,000","495,000","820,000","480,000","610,000","550,000",Income; Base,Price; Base,Income; Base,Income; Base,"1,082","1,177","1,790","1,828","1,870","1,082","1,177","1,790","1,828",Rent; Region,Rent; Base,Rent; Base,Rent; Base
322,Sault Ste Marie C,ST,Northeastern,"341,500","234,000","297,000","315,000","341,500","351,000","234,000","297,000","315,000","390,000","260,000","330,000","350,000",Income; Base,Price; Base,Price; Base,Price; Base,942,"1,168","1,363","1,465","1,480",942,"1,168","1,363","1,465",Rent; Base,Rent; Base,Rent; Base,Rent; Base
323,Schreiber Tp,ST,Northwestern,"351,000","243,000","333,000","306,000","376,400","351,000","243,000","333,000","306,000","390,000","270,000","370,000","340,000",Price; CD,Price; CD,Price; CD,Price; CD,976,"1,173","1,460","1,460","1,460",976,"1,173","1,495","1,864",Rent; CD,Rent; CD,Income; Base,Income; Base
324,Scugog Tp,LT,Central,"496,700","496,700","496,700","496,700","496,700","954,000","711,000","693,000","558,000","1,060,000","790,000","770,000","620,000",Income; Base,Income; Base,Income; Base,Income; Base,"1,330","1,117","1,452","1,909","2,150","1,330","1,117","1,452","1,909",Rent; CD,Rent; Base,Rent; Base,Rent; CD
325,Seguin Tp,ST,Northeastern,"419,100","261,000","419,100","419,100","419,100","1,305,000","261,000","612,000","675,000","1,450,000","290,000","680,000","750,000",Income; Base,Price; Region,Income; Base,Income; Base,879,"1,173","1,430","1,643","1,930",879,"1,173","1,430","1,643",Rent; Region,Rent; Region,Rent; Region,Rent; Region
326,Selwyn Tp,LT,Eastern,"446,200","446,200","446,200","446,200","446,200","819,000","486,000","531,000","558,000","910,000","540,000","590,000","620,000",Income; Base,Income; Base,Income; Base,Income; Base,990,"1,245","1,518","1,700","1,700",990,"1,245","1,518","1,730",Rent; CD,Rent; CD,Rent; CD,Income; Base
327,Severn Tp,LT,Central,"430,700","430,700","430,700","430,700","430,700","882,000","639,000","630,000","567,000","980,000","710,000","700,000","630,000",Income; Base,Income; Base,Income; Base,Income; Base,"1,003","1,475","1,651","1,660","1,660","1,003","1,475","1,651","1,833",Rent; CD,Rent; CD,Rent; CD,Income; Base
328,Shelburne T,LT,Western,"454,000","454,000","454,000","454,000","454,000","729,000","558,000","567,000","558,000","810,000","620,000","630,000","620,000",Income; Base,Income; Base,Income; Base,Income; Base,"1,350","1,463","1,500","1,500","1,500","1,350","1,463","1,714","1,714",Rent; CD,Rent; CD,Income; Base,Income; Base
329,Shuniah M,ST,Northwestern,"492,800","243,000","333,000","306,000","492,800","513,000","243,000","333,000","306,000","570,000","270,000","370,000","340,000",Income; Base,Price; CD,Price; CD,Price; CD,976,"1,173","1,495","1,690","1,690",976,"1,173","1,495","1,864",Rent; CD,Rent; CD,Rent; CD,Income; CD
330,Sioux Lookout M,ST,Northwestern,"360,000","243,000","351,000","306,000","465,600","360,000","243,000","351,000","306,000","400,000","270,000","390,000","340,000",Price; Base,Price; Region,Price; CD,Price; Region,950,"1,005","1,479","1,851","2,320",950,"1,005","1,479","1,851",Rent; Region,Rent; CD,Rent; Region,Rent; Region
331,Sioux Narrows-Nestor Falls Tp,ST,Northwestern,"353,100","243,000","351,000","306,000","353,100","396,000","243,000","351,000","306,000","440,000","270,000","390,000","340,000",Income; Base,Price; Region,Price; CD,Price; Region,950,"1,005","1,479","1,851","1,940",950,"1,005","1,479","1,851",Rent; Region,Rent; CD,Rent; Region,Rent; Region
332,Smiths Falls ST,ST,Eastern,"285,200","285,200","285,200","285,200","285,200","396,000","459,000","711,000","387,000","440,000","510,000","790,000","430,000",Income; Base,Income; Base,Income; Base,Income; Base,"1,281","1,510","1,510","1,510","1,510","1,281","1,519","2,361","2,142",Rent; Region,Income; Base,Income; Base,Income; Base
333,Smooth Rock Falls T,ST,Northeastern,"279,000","198,000","207,000","304,600","304,600","279,000","198,000","207,000","315,000","310,000","220,000","230,000","350,000",Price; CD,Price; CD,Price; CD,Income; Base,859,"1,185","1,299","1,300","1,300",859,"1,185","1,299","1,410",Rent; CD,Rent; CD,Rent; CD,Income; Base
334,South Algonquin Tp,ST,Northeastern,"267,700","267,700","267,700","267,700","267,700","450,000","333,000","306,000","333,000","500,000","370,000","340,000","370,000",Income; Base,Income; Base,Income; Base,Income; Base,807,"1,051","1,367","1,570","1,570",807,"1,051","1,367","1,682",Rent; CD,Rent; CD,Rent; CD,Income; CD
335,South Bruce M,LT,Western,"395,800","395,800","395,800","395,800","395,800","576,000","459,000","531,000","549,000","640,000","510,000","590,000","610,000",Income; Base,Income; Base,Income; Base,Income; Base,"1,082","1,254","1,783","1,828","2,080","1,082","1,254","1,783","1,828",Rent; Region,Rent; CD,Rent; CD,Rent; CD
336,South Dundas Tp,LT,Eastern,"364,700","306,000","324,000","324,000","364,700","423,000","306,000","324,000","324,000","470,000","340,000","360,000","360,000",Income; Base,Price; Base,Price; CD,Price; CD,951,"1,078","1,277","1,363","1,660",951,"1,078","1,277","1,363",Rent; CD,Rent; CD,Rent; CD,Rent; CD
337,South Frontenac Tp,LT,Eastern,"465,600","459,000","465,600","432,000","465,600","639,000","459,000","513,000","432,000","710,000","510,000","570,000","480,000",Income; Base,Price; CD,Income; Base,Price; CD,"1,202","1,505","1,767","1,900","1,900","1,202","1,505","1,767","2,710",Rent; CD,Rent; CD,Rent; CD,Income; Base
338,South Glengarry Tp,LT,Eastern,"415,200","351,000","324,000","324,000","415,200","504,000","351,000","324,000","324,000","560,000","390,000","360,000","360,000",Income; Base,Price; CD,Price; CD,Price; CD,951,"1,078","1,277","1,363","1,930",951,"1,078","1,277","1,363",Rent; CD,Rent; CD,Rent; CD,Rent; CD
339,South Huron M,LT,Western,"357,000","357,000","357,000","357,000","357,000","648,000","450,000","504,000","495,000","720,000","500,000","560,000","550,000",Income; Base,Income; Base,Income; Base,Income; Base,"1,082","1,205","1,750","1,744","1,750","1,082","1,205","1,804","1,744",Rent; Region,Rent; Base,Income; Base,Rent; Region
340,South River V,ST,Northeastern,"279,400","261,000","279,400","279,400","279,400","423,000","261,000","612,000","675,000","470,000","290,000","680,000","750,000",Income; Base,Price; Region,Income; Base,Income; Base,879,"1,173","1,430","1,440","1,440",879,"1,173","1,430","1,643",Rent; Region,Rent; Region,Rent; Region,Income; Base
341,South Stormont Tp,LT,Eastern,"423,000","351,000","324,000","324,000","423,000","477,000","351,000","324,000","324,000","530,000","390,000","360,000","360,000",Income; Base,Price; CD,Price; CD,Price; CD,951,"1,078","1,277","1,363","2,110",951,"1,078","1,277","1,363",Rent; CD,Rent; CD,Rent; CD,Rent; CD
342,Southgate Tp,LT,Western,"391,900","391,900","391,900","391,900","391,900","684,000","621,000","630,000","567,000","760,000","690,000","700,000","630,000",Income; Base,Income; Base,Income; Base,Income; Base,929,"1,101","1,243","1,350","2,270",929,"1,101","1,243","1,350",Rent; CD,Rent; CD,Rent; CD,Rent; CD
343,Southwest Middlesex M,LT,Western,"368,600","368,600","368,600","368,600","368,600","522,000","441,000","468,000","423,000","580,000","490,000","520,000","470,000",Income; Base,Income; Base,Income; Base,Income; Base,"1,079","1,381","1,510","1,510","1,510","1,079","1,381","1,654","1,976",Rent; CD,Rent; CD,Income; Base,Income; Base
344,South-West Oxford Tp,LT,Western,"438,500","438,500","438,500","438,500","438,500","702,000","495,000","477,000","576,000","780,000","550,000","530,000","640,000",Income; Base,Income; Base,Income; Base,Income; Base,"1,026","1,350","1,572","1,926","2,540","1,026","1,350","1,572","1,926",Rent; CD,Rent; CD,Rent; CD,Rent; CD
345,Southwold Tp,LT,Western,"473,400","450,000","473,400","473,400","473,400","747,000","450,000","513,000","513,000","830,000","500,000","570,000","570,000",Income; Base,Price; CD,Income; Base,Income; Base,959,"1,187","1,599","2,241","2,450",959,"1,187","1,599","2,241",Rent; CD,Rent; CD,Rent; CD,Rent; CD
346,Spanish T,ST,Northeastern,"195,600","195,600","195,600","195,600","195,600","342,000","207,000","234,000","306,000","380,000","230,000","260,000","340,000",Income; Base,Income; Base,Income; Base,Income; Base,918,"1,109","1,249","1,329","1,460",918,"1,109","1,249","1,329",Rent; CD,Rent; CD,Rent; CD,Rent; CD
347,Springwater Tp,LT,Central,"554,900","554,900","554,900","554,900","554,900","1,035,000","639,000","630,000","711,000","1,150,000","710,000","700,000","790,000",Income; Base,Income; Base,Income; Base,Income; Base,"1,003","1,475","1,651","1,833","2,120","1,003","1,475","1,651","1,833",Rent; CD,Rent; CD,Rent; CD,Rent; CD
348,St Catharines C,LT,Central,"333,700","333,700","333,700","333,700","333,700","648,000","504,000","576,000","441,000","720,000","560,000","640,000","490,000",Income; Base,Income; Base,Income; Base,Income; Base,"1,212","1,387","1,626","1,690","1,690","1,212","1,387","1,626","1,801",Rent; Base,Rent; Base,Rent; Base,Income; Base
349,St Clair Tp,LT,Western,"457,900","360,000","315,000","405,000","457,900","558,000","360,000","315,000","405,000","620,000","400,000","350,000","450,000",Income; Base,Price; CD,Price; Base,Price; CD,988,"1,249","1,522","1,712","2,180",988,"1,249","1,522","1,712",Rent; CD,Rent; CD,Rent; CD,Rent; CD
350,St Joseph Tp,ST,Northeastern,"405,000","207,000","234,000","306,000","411,300","405,000","207,000","234,000","306,000","450,000","230,000","260,000","340,000",Price; Base,Price; CD,Price; CD,Price; CD,918,"1,109","1,249","1,329","1,460",918,"1,109","1,249","1,329",Rent; CD,Rent; CD,Rent; CD,Rent; CD
351,St Marys ST,ST,Western,"403,600","403,600","403,600","403,600","403,600","648,000","468,000","531,000","441,000","720,000","520,000","590,000","490,000",Income; Base,Income; Base,Income; Base,Income; Base,"1,083","1,494","1,564","1,698","1,790","1,083","1,494","1,564","1,698",Rent; CD,Rent; CD,Rent; CD,Rent; CD
352,St Thomas C,ST,Western,"341,500","341,500","341,500","341,500","341,500","522,000","450,000","477,000","513,000","580,000","500,000","530,000","570,000",Income; Base,Income; Base,Income; Base,Income; Base,959,"1,187","1,600","1,600","1,600",959,"1,187","1,606","2,241",Rent; Base,Rent; Base,Income; Base,Income; Base
353,St-Charles M,ST,Northeastern,"349,200","261,000","252,000","324,000","349,200","414,000","261,000","252,000","324,000","460,000","290,000","280,000","360,000",Income; Base,Price; Region,Price; Region,Price; Region,879,"1,173","1,430","1,643","1,660",879,"1,173","1,430","1,643",Rent; Region,Rent; Region,Rent; Region,Rent; Region
354,Stirling-Rawdon Tp,LT,Eastern,"364,700","364,700","364,700","364,700","364,700","522,000","378,000","459,000","405,000","580,000","420,000","510,000","450,000",Income; Base,Income; Base,Income; Base,Income; Base,"1,065","1,340","1,484","1,790","1,790","1,065","1,340","1,484","1,858",Rent; CD,Rent; CD,Rent; CD,Income; Base
355,Stone Mills Tp,LT,Eastern,"403,600","403,600","403,600","403,600","403,600","576,000","450,000","423,000","405,000","640,000","500,000","470,000","450,000",Income; Base,Income; Base,Income; Base,Income; Base,955,"1,206","1,298","1,930","1,930",955,"1,206","1,298","2,142",Rent; CD,Rent; CD,Rent; CD,Income; Base
356,Stratford C,ST,Western,"357,000","357,000","357,000","357,000","357,000","666,000","486,000","504,000","450,000","740,000","540,000","560,000","500,000",Income; Base,Income; Base,Income; Base,Income; Base,"1,074","1,508","1,663","1,750","1,750","1,074","1,508","1,663","1,776",Rent; Base,Rent; Base,Rent; Base,Income; Base
357,Strathroy-Caradoc M,LT,Western,"411,300","411,300","411,300","411,300","411,300","639,000","414,000","513,000","567,000","710,000","460,000","570,000","630,000",Income; Base,Income; Base,Income; Base,Income; Base,973,"1,157","1,492","1,780","1,780",973,"1,157","1,492","1,976",Rent; Base,Rent; Base,Rent; Base,Income; Base
358,Strong Tp,ST,Northeastern,"341,500","261,000","341,500","341,500","341,500","549,000","261,000","612,000","675,000","610,000","290,000","680,000","750,000",Income; Base,Price; Region,Income; Base,Income; Base,879,"1,173","1,430","1,530","1,530",879,"1,173","1,430","1,643",Rent; Region,Rent; Region,Rent; Region,Income; CD
359,Sundridge V,ST,Northeastern,"279,400","261,000","279,400","279,400","279,400","414,000","261,000","612,000","675,000","460,000","290,000","680,000","750,000",Income; Base,Price; Region,Income; Base,Income; Base,879,"1,173","1,430","1,530","1,530",879,"1,173","1,430","1,643",Rent; Region,Rent; Region,Rent; Region,Income; CD
360,Tarbutt Tp,ST,Northeastern,"342,000","207,000","234,000","306,000","457,900","342,000","207,000","234,000","306,000","380,000","230,000","260,000","340,000",Price; CD,Price; CD,Price; CD,Price; CD,918,"1,109","1,249","1,329","1,460",918,"1,109","1,249","1,329",Rent; CD,Rent; CD,Rent; CD,Rent; CD
361,Tay Tp,LT,Central,"380,300","380,300","380,300","380,300","380,300","630,000","639,000","603,000","567,000","700,000","710,000","670,000","630,000",Income; Base,Income; Base,Income; Base,Income; Base,"1,003","1,475","1,651","1,833","2,170","1,003","1,475","1,651","1,833",Rent; CD,Rent; CD,Rent; CD,Rent; CD
362,Tay Valley Tp,LT,Eastern,"399,700","399,700","399,700","387,000","399,700","612,000","459,000","522,000","387,000","680,000","510,000","580,000","430,000",Income; Base,Income; Base,Income; Base,Price; CD,"1,281","1,519","2,020","2,020","2,020","1,281","1,519","2,361","2,142",Rent; Region,Rent; CD,Income; Base,Income; Base
363,Tecumseh T,LT,Western,"488,900","488,900","488,900","450,000","488,900","720,000","513,000","495,000","450,000","800,000","570,000","550,000","500,000",Income; Base,Income; Base,Income; Base,Price; Base,942,"1,374","1,864","1,744","1,990",942,"1,374","1,864","1,744",Rent; CD,Rent; Base,Rent; Base,Rent; Region
364,Tehkummah Tp,ST,Northeastern,"271,600","261,000","252,000","271,600","271,600","396,000","261,000","252,000","324,000","440,000","290,000","280,000","360,000",Income; Base,Price; Region,Price; Region,Income; Base,879,"1,173","1,430","1,643","1,760",879,"1,173","1,430","1,643",Rent; Region,Rent; Region,Rent; Region,Rent; Region
365,Temagami M,ST,Northeastern,"285,200","285,200","285,200","285,200","285,200","450,000","333,000","306,000","333,000","500,000","370,000","340,000","370,000",Income; Base,Income; Base,Income; Base,Income; Base,807,"1,051","1,367","1,570","1,570",807,"1,051","1,367","1,682",Rent; CD,Rent; CD,Rent; CD,Income; CD
366,Temiskaming Shores C,ST,Northeastern,"342,000","261,000","243,000","324,000","349,200","342,000","261,000","243,000","324,000","380,000","290,000","270,000","360,000",Price; Base,Price; Region,Price; CD,Price; Region,879,"1,173","1,360","1,360","1,360",879,"1,173","1,430","1,643",Rent; Region,Rent; Region,Income; Base,Income; Base
367,Terrace Bay Tp,ST,Northwestern,"180,000","243,000","333,000","306,000","380,300","180,000","243,000","333,000","306,000","200,000","270,000","370,000","340,000",Price; Base,Price; CD,Price; CD,Price; CD,976,"1,173","1,495","1,864","1,940",976,"1,173","1,495","1,864",Rent; CD,Rent; CD,Rent; CD,Rent; CD
368,Thames Centre M,LT,Western,"508,300","441,000","468,000","508,300","508,300","846,000","441,000","468,000","603,000","940,000","490,000","520,000","670,000",Income; Base,Price; CD,Price; CD,Income; Base,"1,079","1,381","1,654","1,976","2,200","1,079","1,381","1,654","1,976",Rent; CD,Rent; CD,Rent; CD,Rent; CD
369,The Archipelago Tp,ST,Northeastern,"368,600","261,000","368,600","368,600","368,600","720,000","261,000","612,000","675,000","800,000","290,000","680,000","750,000",Income; Base,Price; Region,Income; Base,Income; Base,879,"1,173","1,430","1,530","1,530",879,"1,173","1,430","1,643",Rent; Region,Rent; Region,Rent; Region,Income; CD
370,The Blue Mountains T,LT,Western,"488,900","488,900","488,900","488,900","488,900","1,503,000","1,098,000","765,000","585,000","1,670,000","1,220,000","850,000","650,000",Income; Base,Income; Base,Income; Base,Income; Base,929,"1,101","1,243","1,350","2,140",929,"1,101","1,243","1,350",Rent; CD,Rent; CD,Rent; CD,Rent; CD
371,The Nation M,LT,Eastern,"465,600","441,000","441,000","369,000","465,600","504,000","441,000","441,000","369,000","560,000","490,000","490,000","410,000",Income; Base,Price; Base,Price; Base,Price; Base,590,948,"1,463","2,142","2,150",590,948,"1,463","2,142",Rent; CD,Rent; CD,Rent; CD,Rent; Region
372,The North Shore Tp,ST,Northeastern,"342,000","207,000","234,000","306,000","380,300","342,000","207,000","234,000","306,000","380,000","230,000","260,000","340,000",Price; CD,Price; CD,Price; CD,Price; CD,918,"1,109","1,249","1,329","1,460",918,"1,109","1,249","1,329",Rent; CD,Rent; CD,Rent; CD,Rent; CD
373,The South Bruce Peninsula T,LT,Western,"325,900","325,900","325,900","325,900","325,900","621,000","459,000","531,000","549,000","690,000","510,000","590,000","610,000",Income; Base,Income; Base,Income; Base,Income; Base,"1,082","1,254","1,410","1,410","1,410","1,082","1,254","1,783","1,828",Rent; Region,Rent; CD,Income; Base,Income; Base
374,Thessalon T,ST,Northeastern,"296,800","207,000","234,000","296,800","296,800","342,000","207,000","234,000","306,000","380,000","230,000","260,000","340,000",Income; Base,Price; CD,Price; CD,Income; Base,918,"1,109","1,249","1,329","1,330",918,"1,109","1,249","1,329",Rent; CD,Rent; CD,Rent; CD,Rent; CD
375,Thornloe V,ST,Northeastern,"297,000","261,000","243,000","324,000","341,500","297,000","261,000","243,000","324,000","330,000","290,000","270,000","360,000",Price; CD,Price; Region,Price; CD,Price; Region,879,"1,173","1,380","1,380","1,380",879,"1,173","1,430","1,643",Rent; Region,Rent; Region,Income; CD,Income; CD
376,Thorold C,LT,Central,"384,200","384,200","384,200","384,200","384,200","657,000","522,000","594,000","486,000","730,000","580,000","660,000","540,000",Income; Base,Income; Base,Income; Base,Income; Base,"1,183","1,171","1,442","1,643","1,960","1,183","1,171","1,442","1,643",Rent; CD,Rent; Base,Rent; Base,Rent; CD
377,Thunder Bay C,ST,Northwestern,"351,000","243,000","324,000","306,000","360,900","351,000","243,000","324,000","306,000","390,000","270,000","360,000","340,000",Price; Base,Price; Base,Price; Base,Price; Base,976,"1,173","1,495","1,680","1,680",976,"1,173","1,495","1,864",Rent; Base,Rent; Base,Rent; Base,Income; Base
378,Tillsonburg T,LT,Western,"337,600","337,600","337,600","337,600","337,600","612,000","495,000","477,000","576,000","680,000","550,000","530,000","640,000",Income; Base,Income; Base,Income; Base,Income; Base,"1,184","1,195","1,308","1,660","1,660","1,184","1,195","1,308","1,926",Rent; Base,Rent; Base,Rent; Base,Income; Base
379,Timmins C,ST,Northeastern,"297,000","198,000","216,000","324,000","391,900","297,000","198,000","216,000","324,000","330,000","220,000","240,000","360,000",Price; Base,Price; Base,Price; Base,Price; Base,859,"1,185","1,299","1,410","1,660",859,"1,185","1,299","1,410",Rent; Base,Rent; Base,Rent; Base,Rent; Base
380,Tiny Tp,LT,Central,"403,600","403,600","403,600","403,600","403,600","873,000","639,000","630,000","567,000","970,000","710,000","700,000","630,000",Income; Base,Income; Base,Income; Base,Income; Base,"1,003","1,475","1,651","1,833","2,110","1,003","1,475","1,651","1,833",Rent; CD,Rent; CD,Rent; CD,Rent; CD
381,Toronto C,ST,Central,"395,800","395,800","395,800","395,800","395,800","1,620,000","1,215,000","918,000","675,000","1,800,000","1,350,000","1,020,000","750,000",Income; Base,Income; Base,Income; Base,Income; Base,"1,499","1,763","2,055","2,290","2,290","1,499","1,763","2,055","2,361",Rent; Base,Rent; Base,Rent; Base,Income; Base
382,Trent Hills M,LT,Eastern,"341,500","341,500","341,500","341,500","341,500","594,000","531,000","387,000","558,000","660,000","590,000","430,000","620,000",Income; Base,Income; Base,Income; Base,Income; Base,"1,148","1,465","1,582","1,590","1,590","1,148","1,465","1,582","1,895",Rent; CD,Rent; CD,Rent; CD,Income; Base
383,Trent Lakes M,LT,Eastern,"384,200","384,200","384,200","384,200","384,200","855,000","486,000","531,000","558,000","950,000","540,000","590,000","620,000",Income; Base,Income; Base,Income; Base,Income; Base,990,"1,245","1,518","1,730","2,350",990,"1,245","1,518","1,730",Rent; CD,Rent; CD,Rent; CD,Rent; CD
384,Tudor and Cashel Tp,LT,Eastern,"258,000","258,000","258,000","258,000","258,000","540,000","378,000","459,000","405,000","600,000","420,000","510,000","450,000",Income; Base,Income; Base,Income; Base,Income; Base,"1,065","1,340","1,484","1,710","1,710","1,065","1,340","1,484","1,858",Rent; CD,Rent; CD,Rent; CD,Income; CD
385,Tweed M,LT,Eastern,"314,300","314,300","314,300","314,300","314,300","486,000","378,000","459,000","405,000","540,000","420,000","510,000","450,000",Income; Base,Income; Base,Income; Base,Income; Base,"1,065","1,340","1,484","1,500","1,500","1,065","1,340","1,484","1,858",Rent; CD,Rent; CD,Rent; CD,Income; Base
386,Tyendinaga Tp,LT,Eastern,"442,400","378,000","442,400","405,000","442,400","603,000","378,000","459,000","405,000","670,000","420,000","510,000","450,000",Income; Base,Price; CD,Income; Base,Price; CD,"1,065","1,340","1,484","1,770","1,770","1,065","1,340","1,484","1,858",Rent; CD,Rent; CD,Rent; CD,Income; Base
387,Uxbridge Tp,LT,Central,"558,800","558,800","558,800","558,800","558,800","1,278,000","711,000","999,000","1,008,000","1,420,000","790,000","1,110,000","1,120,000",Income; Base,Income; Base,Income; Base,Income; Base,"1,330","1,573","1,748","1,909","2,030","1,330","1,573","1,748","1,909",Rent; CD,Rent; CD,Rent; CD,Rent; CD
388,Val Rita-Harty Tp,ST,Northeastern,"279,000","198,000","207,000","315,000","430,700","279,000","198,000","207,000","315,000","310,000","220,000","230,000","350,000",Price; CD,Price; CD,Price; CD,Price; CD,859,"1,185","1,299","1,410","1,620",859,"1,185","1,299","1,410",Rent; CD,Rent; CD,Rent; CD,Rent; CD
389,Vaughan C,LT,Central,"574,300","574,300","574,300","574,300","574,300","1,584,000","1,035,000","981,000","612,000","1,760,000","1,150,000","1,090,000","680,000",Income; Base,Income; Base,Income; Base,Income; Base,"1,297","1,783","2,024","2,600","2,600","1,297","1,783","2,024","2,658",Rent; CD,Rent; CD,Rent; CD,Income; Base
390,Wainfleet Tp,LT,Central,"434,600","434,600","434,600","434,600","434,600","819,000","531,000","612,000","486,000","910,000","590,000","680,000","540,000",Income; Base,Income; Base,Income; Base,Income; Base,"1,183","1,313","1,527","1,643","1,930","1,183","1,313","1,527","1,643",Rent; CD,Rent; CD,Rent; CD,Rent; CD
391,Warwick Tp,LT,Western,"395,800","360,000","342,000","395,800","395,800","486,000","360,000","342,000","405,000","540,000","400,000","380,000","450,000",Income; Base,Price; CD,Price; CD,Income; Base,988,"1,249","1,522","1,712","2,140",988,"1,249","1,522","1,712",Rent; CD,Rent; CD,Rent; CD,Rent; CD
392,Wasaga Beach T,LT,Central,"345,300","345,300","345,300","345,300","345,300","720,000","567,000","540,000","396,000","800,000","630,000","600,000","440,000",Income; Base,Income; Base,Income; Base,Income; Base,"1,003","1,475","1,651","1,833","2,060","1,003","1,475","1,651","1,833",Rent; CD,Rent; CD,Rent; CD,Rent; CD
393,Waterloo C,LT,Western,"442,400","442,400","442,400","442,400","442,400","972,000","603,000","612,000","468,000","1,080,000","670,000","680,000","520,000",Income; Base,Income; Base,Income; Base,Income; Base,"1,375","1,771","1,917","1,991","2,140","1,375","1,771","1,917","1,991",Rent; Base,Rent; Base,Rent; Base,Rent; Base
394,Wawa M,ST,Northeastern,"342,000","207,000","234,000","306,000","380,300","342,000","207,000","234,000","306,000","380,000","230,000","260,000","340,000",Price; CD,Price; CD,Price; CD,Price; CD,918,"1,109","1,249","1,329","1,500",918,"1,109","1,249","1,329",Rent; CD,Rent; CD,Rent; CD,Rent; CD
395,Welland C,LT,Central,"329,800","329,800","329,800","329,800","329,800","576,000","486,000","540,000","477,000","640,000","540,000","600,000","530,000",Income; Base,Income; Base,Income; Base,Income; Base,"1,212","1,190","1,493","1,600","1,600","1,212","1,190","1,493","1,643",Rent; Base,Rent; Base,Rent; Base,Income; Base
396,Wellesley Tp,LT,Western,"558,800","558,800","558,800","459,000","558,800","1,008,000","603,000","594,000","459,000","1,120,000","670,000","660,000","510,000",Income; Base,Income; Base,Income; Base,Price; CD,"1,261","1,545","1,832","1,980","2,540","1,261","1,545","1,832","1,980",Rent; CD,Rent; CD,Rent; CD,Rent; CD
397,Wellington North Tp,LT,Western,"360,900","360,900","360,900","360,900","360,900","675,000","459,000","531,000","468,000","750,000","510,000","590,000","520,000",Income; Base,Income; Base,Income; Base,Income; Base,"1,317","1,602","1,680","1,680","1,680","1,317","1,602","1,781","2,045",Rent; CD,Rent; CD,Income; Base,Income; Base
398,West Elgin M,LT,Western,"353,100","353,100","353,100","353,100","353,100","477,000","450,000","513,000","513,000","530,000","500,000","570,000","570,000",Income; Base,Income; Base,Income; Base,Income; Base,959,"1,187","1,599","1,760","1,760",959,"1,187","1,599","2,241",Rent; CD,Rent; CD,Rent; CD,Income; Base
399,West Grey M,LT,Western,"360,900","360,900","360,900","360,900","360,900","711,000","621,000","513,000","621,000","790,000","690,000","570,000","690,000",Income; Base,Income; Base,Income; Base,Income; Base,929,"1,101","1,055","1,350","1,530",929,"1,101","1,055","1,350",Rent; CD,Rent; CD,Rent; Base,Rent; CD
400,West Lincoln Tp,LT,Central,"477,300","477,300","477,300","477,300","477,300","864,000","594,000","567,000","639,000","960,000","660,000","630,000","710,000",Income; Base,Income; Base,Income; Base,Income; Base,"1,183","1,313","1,527","1,643","2,420","1,183","1,313","1,527","1,643",Rent; CD,Rent; CD,Rent; CD,Rent; CD
401,West Nipissing M,ST,Northeastern,"325,900","325,900","306,000","325,900","325,900","396,000","333,000","306,000","333,000","440,000","370,000","340,000","370,000",Income; Base,Income; Base,Price; CD,Income; Base,807,"1,051","1,367","1,380","1,380",807,"1,051","1,367","1,682",Rent; CD,Rent; CD,Rent; CD,Income; Base
402,West Perth M,LT,Western,"411,300","411,300","411,300","411,300","411,300","603,000","495,000","513,000","441,000","670,000","550,000","570,000","490,000",Income; Base,Income; Base,Income; Base,Income; Base,"1,083","1,494","1,564","1,698","2,150","1,083","1,494","1,564","1,698",Rent; CD,Rent; CD,Rent; CD,Rent; CD
403,Westport V,LT,Eastern,"296,800","296,800","296,800","296,800","296,800","459,000","387,000","387,000","405,000","510,000","430,000","430,000","450,000",Income; Base,Income; Base,Income; Base,Income; Base,976,"1,175","1,322","1,247","1,460",976,"1,175","1,322","1,247",Rent; CD,Rent; CD,Rent; CD,Rent; CD
404,Whitby T,LT,Central,"558,800","558,800","558,800","558,800","558,800","1,026,000","765,000","729,000","585,000","1,140,000","850,000","810,000","650,000",Income; Base,Income; Base,Income; Base,Income; Base,"1,394","1,525","1,673","1,761","2,260","1,394","1,525","1,673","1,761",Rent; Base,Rent; Base,Rent; Base,Rent; Base
405,Whitchurch - Stouffville T,LT,Central,"554,900","554,900","554,900","554,900","554,900","1,449,000","927,000","864,000","855,000","1,610,000","1,030,000","960,000","950,000",Income; Base,Income; Base,Income; Base,Income; Base,"1,297","1,783","2,024","2,658","2,660","1,297","1,783","2,024","2,658",Rent; CD,Rent; CD,Rent; CD,Rent; CD
406,White River Tp,ST,Northeastern,"342,000","207,000","234,000","306,000","415,200","342,000","207,000","234,000","306,000","380,000","230,000","260,000","340,000",Price; CD,Price; CD,Price; CD,Price; CD,918,"1,109","1,249","1,329","1,460",918,"1,109","1,249","1,329",Rent; CD,Rent; CD,Rent; CD,Rent; CD
407,Whitestone M,ST,Northeastern,"294,900","261,000","294,900","294,900","294,900","765,000","261,000","612,000","675,000","850,000","290,000","680,000","750,000",Income; Base,Price; Region,Income; Base,Income; Base,879,"1,173","1,430","1,530","1,530",879,"1,173","1,430","1,643",Rent; Region,Rent; Region,Rent; Region,Income; CD
408,Whitewater Region Tp,LT,Eastern,"388,000","369,000","387,000","279,000","388,000","432,000","369,000","387,000","279,000","480,000","410,000","430,000","310,000",Income; Base,Price; CD,Price; CD,Price; CD,"1,281","1,140","1,312","1,592","1,640","1,281","1,140","1,312","1,592",Rent; Region,Rent; CD,Rent; CD,Rent; CD
409,Wilmot Tp,LT,Western,"512,200","512,200","512,200","512,200","512,200","1,008,000","585,000","666,000","837,000","1,120,000","650,000","740,000","930,000",Income; Base,Income; Base,Income; Base,Income; Base,"1,261","1,155","1,208","1,439","2,120","1,261","1,155","1,208","1,439",Rent; CD,Rent; Base,Rent; Base,Rent; Base
410,Windsor C,ST,Western,"325,900","325,900","325,900","325,900","325,900","468,000","459,000","450,000","333,000","520,000","510,000","500,000","370,000",Income; Base,Income; Base,Income; Base,Income; Base,940,"1,186","1,363","1,660","1,660",940,"1,186","1,363","1,744",Rent; Base,Rent; Base,Rent; Base,Income; Base
411,Wollaston Tp,LT,Eastern,"252,200","252,200","252,200","252,200","252,200","504,000","378,000","459,000","405,000","560,000","420,000","510,000","450,000",Income; Base,Income; Base,Income; Base,Income; Base,"1,065","1,340","1,484","1,710","1,710","1,065","1,340","1,484","1,858",Rent; CD,Rent; CD,Rent; CD,Income; CD
412,Woodstock C,LT,Western,"376,400","376,400","376,400","376,400","376,400","639,000","477,000","468,000","441,000","710,000","530,000","520,000","490,000",Income; Base,Income; Base,Income; Base,Income; Base,"1,026","1,409","1,679","1,940","1,940","1,026","1,409","1,679","2,036",Rent; CD,Rent; Base,Rent; Base,Income; Base
413,Woolwich Tp,LT,Western,"523,800","523,800","523,800","459,000","523,800","981,000","666,000","621,000","459,000","1,090,000","740,000","690,000","510,000",Income; Base,Income; Base,Income; Base,Price; CD,"1,261","1,438","1,597","1,980","2,270","1,261","1,438","1,597","1,980",Rent; CD,Rent; Base,Rent; Base,Rent; CD
414,Zorra Tp,LT,Western,"477,300","477,300","477,300","477,300","477,300","756,000","495,000","504,000","576,000","840,000","550,000","560,000","640,000",Income; Base,Income; Base,Income; Base,Income; Base,"1,026","1,350","1,572","1,926","2,420","1,026","1,350","1,572","1,926",Rent; CD,Rent; CD,Rent; CD,Rent; CD
